ISO-10303-21;
HEADER;
FILE_DESCRIPTION(('STEP AP214'),'1');
FILE_NAME('connector_a-df_09_pp_z.stp','2020-03-16T07:53:56',('TraceParts'),('TraceParts S.A.'),'Spatial InterOp 3D',' ',' ');
FILE_SCHEMA(('AUTOMOTIVE_DESIGN { 1 0 10303 214 1 1 1 1 }'));
ENDSEC;
DATA;
#1=MECHANICAL_DESIGN_GEOMETRIC_PRESENTATION_REPRESENTATION(' ',(#10,#11,#12,#13,#14,#15,#16,#17,#18,#19,#20,#21,#22,#23,#24,#25,#26,#27,#28,#29,#30,#31,#32,#33,#34,#35,#36,#37,#38,#39,#40,#41,#42,#43,#44,#45,#46,#47,#48,#49,#50,#51,#52,#53,#54,#55,#56,#57,#58,#59,#60,#61,#62,#63,#64,#65,#66,#67,#68,#69,#70,#71,#72,#73,#74,#75,#76,#77,#78,#79,#80,#81,#82,#83,#84,#85,#86,#87,#88,#89,#90,#91,#92,#93,#94,#95,#96,#97,#98,#99,#100,#101,#102,#103,#104,#105,#106,#107,#108,#109,#110,#111,#112,#113,#114,#115,#116,#117,#118,#119,#120,#121,#122,#123,#124,#125,#126,#127,#128,#129,#130,#131,#132,#133,#134,#135,#136,#137,#138,#139,#140,#141,#142,#143,#144,#145,#146,#147,#148,#149,#150),#6);
#2=PRODUCT_DEFINITION_CONTEXT('',#151,'design');
#3=APPLICATION_PROTOCOL_DEFINITION('INTERNATIONAL STANDARD','automotive_design',1994,#151);
#4=PRODUCT_CATEGORY_RELATIONSHIP('NONE','NONE',#152,#153);
#5=SHAPE_DEFINITION_REPRESENTATION(#154,#155);
#6= (GEOMETRIC_REPRESENTATION_CONTEXT(3)GLOBAL_UNCERTAINTY_ASSIGNED_CONTEXT((#158))GLOBAL_UNIT_ASSIGNED_CONTEXT((#160,#161,#162))REPRESENTATION_CONTEXT('NONE','WORKSPACE'));
#10=STYLED_ITEM('',(#164),#165);
#11=STYLED_ITEM('',(#166),#167);
#12=STYLED_ITEM('',(#168),#169);
#13=STYLED_ITEM('',(#170),#171);
#14=STYLED_ITEM('',(#172),#173);
#15=STYLED_ITEM('',(#174),#175);
#16=STYLED_ITEM('',(#176),#177);
#17=STYLED_ITEM('',(#178),#179);
#18=STYLED_ITEM('',(#180),#181);
#19=STYLED_ITEM('',(#182),#183);
#20=STYLED_ITEM('',(#184),#185);
#21=STYLED_ITEM('',(#186),#187);
#22=STYLED_ITEM('',(#188),#189);
#23=STYLED_ITEM('',(#190),#191);
#24=STYLED_ITEM('',(#192),#193);
#25=STYLED_ITEM('',(#194),#195);
#26=STYLED_ITEM('',(#196),#197);
#27=STYLED_ITEM('',(#198),#199);
#28=STYLED_ITEM('',(#200),#201);
#29=STYLED_ITEM('',(#202),#203);
#30=STYLED_ITEM('',(#204),#205);
#31=STYLED_ITEM('',(#206),#207);
#32=STYLED_ITEM('',(#208),#209);
#33=STYLED_ITEM('',(#210),#211);
#34=STYLED_ITEM('',(#212),#213);
#35=STYLED_ITEM('',(#214),#215);
#36=STYLED_ITEM('',(#216),#217);
#37=STYLED_ITEM('',(#218),#219);
#38=STYLED_ITEM('',(#220),#221);
#39=STYLED_ITEM('',(#222),#223);
#40=STYLED_ITEM('',(#224),#225);
#41=STYLED_ITEM('',(#226),#227);
#42=STYLED_ITEM('',(#228),#229);
#43=STYLED_ITEM('',(#230),#231);
#44=STYLED_ITEM('',(#232),#233);
#45=STYLED_ITEM('',(#234),#235);
#46=STYLED_ITEM('',(#236),#237);
#47=STYLED_ITEM('',(#238),#239);
#48=STYLED_ITEM('',(#240),#241);
#49=STYLED_ITEM('',(#242),#243);
#50=STYLED_ITEM('',(#244),#245);
#51=STYLED_ITEM('',(#246),#247);
#52=STYLED_ITEM('',(#248),#249);
#53=STYLED_ITEM('',(#250),#251);
#54=STYLED_ITEM('',(#252),#253);
#55=STYLED_ITEM('',(#254),#255);
#56=STYLED_ITEM('',(#256),#257);
#57=STYLED_ITEM('',(#258),#259);
#58=STYLED_ITEM('',(#260),#261);
#59=STYLED_ITEM('',(#262),#263);
#60=STYLED_ITEM('',(#264),#265);
#61=STYLED_ITEM('',(#266),#267);
#62=STYLED_ITEM('',(#268),#269);
#63=STYLED_ITEM('',(#270),#271);
#64=STYLED_ITEM('',(#272),#273);
#65=STYLED_ITEM('',(#274),#275);
#66=STYLED_ITEM('',(#276),#277);
#67=STYLED_ITEM('',(#278),#279);
#68=STYLED_ITEM('',(#280),#281);
#69=STYLED_ITEM('',(#282),#283);
#70=STYLED_ITEM('',(#284),#285);
#71=STYLED_ITEM('',(#286),#287);
#72=STYLED_ITEM('',(#288),#289);
#73=STYLED_ITEM('',(#290),#291);
#74=STYLED_ITEM('',(#292),#293);
#75=STYLED_ITEM('',(#294),#295);
#76=STYLED_ITEM('',(#296),#297);
#77=STYLED_ITEM('',(#298),#299);
#78=STYLED_ITEM('',(#300),#301);
#79=STYLED_ITEM('',(#302),#303);
#80=STYLED_ITEM('',(#304),#305);
#81=STYLED_ITEM('',(#306),#307);
#82=STYLED_ITEM('',(#308),#309);
#83=STYLED_ITEM('',(#310),#311);
#84=STYLED_ITEM('',(#312),#313);
#85=STYLED_ITEM('',(#314),#315);
#86=STYLED_ITEM('',(#316),#317);
#87=STYLED_ITEM('',(#318),#319);
#88=STYLED_ITEM('',(#320),#321);
#89=STYLED_ITEM('',(#322),#323);
#90=STYLED_ITEM('',(#324),#325);
#91=STYLED_ITEM('',(#326),#327);
#92=STYLED_ITEM('',(#328),#329);
#93=STYLED_ITEM('',(#330),#331);
#94=STYLED_ITEM('',(#332),#333);
#95=STYLED_ITEM('',(#334),#335);
#96=STYLED_ITEM('',(#336),#337);
#97=STYLED_ITEM('',(#338),#339);
#98=STYLED_ITEM('',(#340),#341);
#99=STYLED_ITEM('',(#342),#343);
#100=STYLED_ITEM('',(#344),#345);
#101=STYLED_ITEM('',(#346),#347);
#102=STYLED_ITEM('',(#348),#349);
#103=STYLED_ITEM('',(#350),#351);
#104=STYLED_ITEM('',(#352),#353);
#105=STYLED_ITEM('',(#354),#355);
#106=STYLED_ITEM('',(#356),#357);
#107=STYLED_ITEM('',(#358),#359);
#108=STYLED_ITEM('',(#360),#361);
#109=STYLED_ITEM('',(#362),#363);
#110=STYLED_ITEM('',(#364),#365);
#111=STYLED_ITEM('',(#366),#367);
#112=STYLED_ITEM('',(#368),#369);
#113=STYLED_ITEM('',(#370),#371);
#114=STYLED_ITEM('',(#372),#373);
#115=STYLED_ITEM('',(#374),#375);
#116=STYLED_ITEM('',(#376),#377);
#117=STYLED_ITEM('',(#378),#379);
#118=STYLED_ITEM('',(#380),#381);
#119=STYLED_ITEM('',(#382),#383);
#120=STYLED_ITEM('',(#384),#385);
#121=STYLED_ITEM('',(#386),#387);
#122=STYLED_ITEM('',(#388),#389);
#123=STYLED_ITEM('',(#390),#391);
#124=STYLED_ITEM('',(#392),#393);
#125=STYLED_ITEM('',(#394),#395);
#126=STYLED_ITEM('',(#396),#397);
#127=STYLED_ITEM('',(#398),#399);
#128=STYLED_ITEM('',(#400),#401);
#129=STYLED_ITEM('',(#402),#403);
#130=STYLED_ITEM('',(#404),#405);
#131=STYLED_ITEM('',(#406),#407);
#132=STYLED_ITEM('',(#408),#409);
#133=STYLED_ITEM('',(#410),#411);
#134=STYLED_ITEM('',(#412),#413);
#135=STYLED_ITEM('',(#414),#415);
#136=STYLED_ITEM('',(#416),#417);
#137=STYLED_ITEM('',(#418),#419);
#138=STYLED_ITEM('',(#420),#421);
#139=STYLED_ITEM('',(#422),#423);
#140=STYLED_ITEM('',(#424),#425);
#141=STYLED_ITEM('',(#426),#427);
#142=STYLED_ITEM('',(#428),#429);
#143=STYLED_ITEM('',(#430),#431);
#144=STYLED_ITEM('',(#432),#433);
#145=STYLED_ITEM('',(#434),#435);
#146=STYLED_ITEM('',(#436),#437);
#147=STYLED_ITEM('',(#438),#439);
#148=STYLED_ITEM('',(#440),#441);
#149=STYLED_ITEM('',(#442),#443);
#150=STYLED_ITEM('',(#444),#445);
#151=APPLICATION_CONTEXT(' ');
#152=PRODUCT_CATEGORY('part','NONE');
#153=PRODUCT_RELATED_PRODUCT_CATEGORY('detail',' ',(#446));
#154=PRODUCT_DEFINITION_SHAPE('NONE','NONE',#447);
#155=ADVANCED_BREP_SHAPE_REPRESENTATION('connector_a-df_09_pp_z',(#448,#449),#6);
#158=UNCERTAINTY_MEASURE_WITH_UNIT(LENGTH_MEASURE(1.0E-06),#160,'','');
#160= (CONVERSION_BASED_UNIT('MILLIMETRE',#452)LENGTH_UNIT()NAMED_UNIT(#455));
#161= (NAMED_UNIT(#457)PLANE_ANGLE_UNIT()SI_UNIT($,.RADIAN.));
#162= (NAMED_UNIT(#457)SOLID_ANGLE_UNIT()SI_UNIT($,.STERADIAN.));
#164=PRESENTATION_STYLE_ASSIGNMENT((#463));
#165=ADVANCED_FACE('',(#464),#465,.T.);
#166=PRESENTATION_STYLE_ASSIGNMENT((#466));
#167=ADVANCED_FACE('',(#467),#468,.T.);
#168=PRESENTATION_STYLE_ASSIGNMENT((#469));
#169=ADVANCED_FACE('',(#470),#471,.F.);
#170=PRESENTATION_STYLE_ASSIGNMENT((#472));
#171=ADVANCED_FACE('',(#473),#474,.F.);
#172=PRESENTATION_STYLE_ASSIGNMENT((#475));
#173=ADVANCED_FACE('',(#476),#477,.F.);
#174=PRESENTATION_STYLE_ASSIGNMENT((#478));
#175=ADVANCED_FACE('',(#479),#480,.F.);
#176=PRESENTATION_STYLE_ASSIGNMENT((#481));
#177=ADVANCED_FACE('',(#482),#483,.F.);
#178=PRESENTATION_STYLE_ASSIGNMENT((#484));
#179=ADVANCED_FACE('',(#485),#486,.F.);
#180=PRESENTATION_STYLE_ASSIGNMENT((#487));
#181=ADVANCED_FACE('',(#488),#489,.F.);
#182=PRESENTATION_STYLE_ASSIGNMENT((#490));
#183=ADVANCED_FACE('',(#491),#492,.F.);
#184=PRESENTATION_STYLE_ASSIGNMENT((#493));
#185=ADVANCED_FACE('',(#494),#495,.F.);
#186=PRESENTATION_STYLE_ASSIGNMENT((#496));
#187=ADVANCED_FACE('',(#497),#498,.F.);
#188=PRESENTATION_STYLE_ASSIGNMENT((#499));
#189=ADVANCED_FACE('',(#500),#501,.F.);
#190=PRESENTATION_STYLE_ASSIGNMENT((#502));
#191=ADVANCED_FACE('',(#503),#504,.F.);
#192=PRESENTATION_STYLE_ASSIGNMENT((#505));
#193=ADVANCED_FACE('',(#506),#507,.F.);
#194=PRESENTATION_STYLE_ASSIGNMENT((#508));
#195=ADVANCED_FACE('',(#509),#510,.F.);
#196=PRESENTATION_STYLE_ASSIGNMENT((#511));
#197=ADVANCED_FACE('',(#512),#513,.F.);
#198=PRESENTATION_STYLE_ASSIGNMENT((#514));
#199=ADVANCED_FACE('',(#515),#516,.F.);
#200=PRESENTATION_STYLE_ASSIGNMENT((#517));
#201=ADVANCED_FACE('',(#518),#519,.F.);
#202=PRESENTATION_STYLE_ASSIGNMENT((#520));
#203=ADVANCED_FACE('',(#521),#522,.F.);
#204=PRESENTATION_STYLE_ASSIGNMENT((#523));
#205=ADVANCED_FACE('',(#524),#525,.T.);
#206=PRESENTATION_STYLE_ASSIGNMENT((#526));
#207=ADVANCED_FACE('',(#527),#528,.T.);
#208=PRESENTATION_STYLE_ASSIGNMENT((#529));
#209=ADVANCED_FACE('',(#530),#531,.T.);
#210=PRESENTATION_STYLE_ASSIGNMENT((#532));
#211=ADVANCED_FACE('',(#533),#534,.T.);
#212=PRESENTATION_STYLE_ASSIGNMENT((#535));
#213=ADVANCED_FACE('',(#536),#537,.T.);
#214=PRESENTATION_STYLE_ASSIGNMENT((#538));
#215=ADVANCED_FACE('',(#539),#540,.T.);
#216=PRESENTATION_STYLE_ASSIGNMENT((#541));
#217=ADVANCED_FACE('',(#542),#543,.T.);
#218=PRESENTATION_STYLE_ASSIGNMENT((#544));
#219=ADVANCED_FACE('',(#545),#546,.T.);
#220=PRESENTATION_STYLE_ASSIGNMENT((#547));
#221=ADVANCED_FACE('',(#548),#549,.T.);
#222=PRESENTATION_STYLE_ASSIGNMENT((#550));
#223=ADVANCED_FACE('',(#551),#552,.T.);
#224=PRESENTATION_STYLE_ASSIGNMENT((#553));
#225=ADVANCED_FACE('',(#554),#555,.T.);
#226=PRESENTATION_STYLE_ASSIGNMENT((#556));
#227=ADVANCED_FACE('',(#557),#558,.T.);
#228=PRESENTATION_STYLE_ASSIGNMENT((#559));
#229=ADVANCED_FACE('',(#560),#561,.T.);
#230=PRESENTATION_STYLE_ASSIGNMENT((#562));
#231=ADVANCED_FACE('',(#563),#564,.T.);
#232=PRESENTATION_STYLE_ASSIGNMENT((#565));
#233=ADVANCED_FACE('',(#566),#567,.T.);
#234=PRESENTATION_STYLE_ASSIGNMENT((#568));
#235=ADVANCED_FACE('',(#569),#570,.T.);
#236=PRESENTATION_STYLE_ASSIGNMENT((#571));
#237=ADVANCED_FACE('',(#572),#573,.T.);
#238=PRESENTATION_STYLE_ASSIGNMENT((#574));
#239=ADVANCED_FACE('',(#575),#576,.T.);
#240=PRESENTATION_STYLE_ASSIGNMENT((#577));
#241=ADVANCED_FACE('',(#578),#579,.F.);
#242=PRESENTATION_STYLE_ASSIGNMENT((#580));
#243=ADVANCED_FACE('',(#581),#582,.F.);
#244=PRESENTATION_STYLE_ASSIGNMENT((#583));
#245=ADVANCED_FACE('',(#584),#585,.F.);
#246=PRESENTATION_STYLE_ASSIGNMENT((#586));
#247=ADVANCED_FACE('',(#587),#588,.F.);
#248=PRESENTATION_STYLE_ASSIGNMENT((#589));
#249=ADVANCED_FACE('',(#590),#591,.T.);
#250=PRESENTATION_STYLE_ASSIGNMENT((#592));
#251=ADVANCED_FACE('',(#593),#594,.T.);
#252=PRESENTATION_STYLE_ASSIGNMENT((#595));
#253=ADVANCED_FACE('',(#596,#597),#598,.T.);
#254=PRESENTATION_STYLE_ASSIGNMENT((#599));
#255=ADVANCED_FACE('',(#600),#601,.T.);
#256=PRESENTATION_STYLE_ASSIGNMENT((#602));
#257=ADVANCED_FACE('',(#603),#604,.T.);
#258=PRESENTATION_STYLE_ASSIGNMENT((#605));
#259=ADVANCED_FACE('',(#606),#607,.T.);
#260=PRESENTATION_STYLE_ASSIGNMENT((#608));
#261=ADVANCED_FACE('',(#609,#610),#611,.T.);
#262=PRESENTATION_STYLE_ASSIGNMENT((#612));
#263=ADVANCED_FACE('',(#613),#614,.T.);
#264=PRESENTATION_STYLE_ASSIGNMENT((#615));
#265=ADVANCED_FACE('',(#616),#617,.T.);
#266=PRESENTATION_STYLE_ASSIGNMENT((#618));
#267=ADVANCED_FACE('',(#619),#620,.T.);
#268=PRESENTATION_STYLE_ASSIGNMENT((#621));
#269=ADVANCED_FACE('',(#622,#623),#624,.T.);
#270=PRESENTATION_STYLE_ASSIGNMENT((#625));
#271=ADVANCED_FACE('',(#626),#627,.T.);
#272=PRESENTATION_STYLE_ASSIGNMENT((#628));
#273=ADVANCED_FACE('',(#629),#630,.T.);
#274=PRESENTATION_STYLE_ASSIGNMENT((#631));
#275=ADVANCED_FACE('',(#632),#633,.T.);
#276=PRESENTATION_STYLE_ASSIGNMENT((#634));
#277=ADVANCED_FACE('',(#635,#636),#637,.T.);
#278=PRESENTATION_STYLE_ASSIGNMENT((#638));
#279=ADVANCED_FACE('',(#639),#640,.T.);
#280=PRESENTATION_STYLE_ASSIGNMENT((#641));
#281=ADVANCED_FACE('',(#642),#643,.T.);
#282=PRESENTATION_STYLE_ASSIGNMENT((#644));
#283=ADVANCED_FACE('',(#645),#646,.T.);
#284=PRESENTATION_STYLE_ASSIGNMENT((#647));
#285=ADVANCED_FACE('',(#648,#649),#650,.T.);
#286=PRESENTATION_STYLE_ASSIGNMENT((#651));
#287=ADVANCED_FACE('',(#652),#653,.T.);
#288=PRESENTATION_STYLE_ASSIGNMENT((#654));
#289=ADVANCED_FACE('',(#655),#656,.T.);
#290=PRESENTATION_STYLE_ASSIGNMENT((#657));
#291=ADVANCED_FACE('',(#658),#659,.T.);
#292=PRESENTATION_STYLE_ASSIGNMENT((#660));
#293=ADVANCED_FACE('',(#661,#662),#663,.T.);
#294=PRESENTATION_STYLE_ASSIGNMENT((#664));
#295=ADVANCED_FACE('',(#665),#666,.T.);
#296=PRESENTATION_STYLE_ASSIGNMENT((#667));
#297=ADVANCED_FACE('',(#668),#669,.T.);
#298=PRESENTATION_STYLE_ASSIGNMENT((#670));
#299=ADVANCED_FACE('',(#671),#672,.T.);
#300=PRESENTATION_STYLE_ASSIGNMENT((#673));
#301=ADVANCED_FACE('',(#674,#675),#676,.T.);
#302=PRESENTATION_STYLE_ASSIGNMENT((#677));
#303=ADVANCED_FACE('',(#678),#679,.T.);
#304=PRESENTATION_STYLE_ASSIGNMENT((#680));
#305=ADVANCED_FACE('',(#681),#682,.T.);
#306=PRESENTATION_STYLE_ASSIGNMENT((#683));
#307=ADVANCED_FACE('',(#684),#685,.T.);
#308=PRESENTATION_STYLE_ASSIGNMENT((#686));
#309=ADVANCED_FACE('',(#687,#688),#689,.T.);
#310=PRESENTATION_STYLE_ASSIGNMENT((#690));
#311=ADVANCED_FACE('',(#691),#692,.T.);
#312=PRESENTATION_STYLE_ASSIGNMENT((#693));
#313=ADVANCED_FACE('',(#694),#695,.T.);
#314=PRESENTATION_STYLE_ASSIGNMENT((#696));
#315=ADVANCED_FACE('',(#697),#698,.T.);
#316=PRESENTATION_STYLE_ASSIGNMENT((#699));
#317=ADVANCED_FACE('',(#700,#701),#702,.T.);
#318=PRESENTATION_STYLE_ASSIGNMENT((#703));
#319=ADVANCED_FACE('',(#704),#705,.T.);
#320=PRESENTATION_STYLE_ASSIGNMENT((#706));
#321=ADVANCED_FACE('',(#707),#708,.T.);
#322=PRESENTATION_STYLE_ASSIGNMENT((#709));
#323=ADVANCED_FACE('',(#710),#711,.T.);
#324=PRESENTATION_STYLE_ASSIGNMENT((#712));
#325=ADVANCED_FACE('',(#713),#714,.T.);
#326=PRESENTATION_STYLE_ASSIGNMENT((#715));
#327=ADVANCED_FACE('',(#716),#717,.T.);
#328=PRESENTATION_STYLE_ASSIGNMENT((#718));
#329=ADVANCED_FACE('',(#719),#720,.T.);
#330=PRESENTATION_STYLE_ASSIGNMENT((#721));
#331=ADVANCED_FACE('',(#722),#723,.T.);
#332=PRESENTATION_STYLE_ASSIGNMENT((#724));
#333=ADVANCED_FACE('',(#725),#726,.T.);
#334=PRESENTATION_STYLE_ASSIGNMENT((#727));
#335=ADVANCED_FACE('',(#728),#729,.T.);
#336=PRESENTATION_STYLE_ASSIGNMENT((#730));
#337=ADVANCED_FACE('',(#731),#732,.T.);
#338=PRESENTATION_STYLE_ASSIGNMENT((#733));
#339=ADVANCED_FACE('',(#734),#735,.T.);
#340=PRESENTATION_STYLE_ASSIGNMENT((#736));
#341=ADVANCED_FACE('',(#737),#738,.T.);
#342=PRESENTATION_STYLE_ASSIGNMENT((#739));
#343=ADVANCED_FACE('',(#740),#741,.T.);
#344=PRESENTATION_STYLE_ASSIGNMENT((#742));
#345=ADVANCED_FACE('',(#743),#744,.T.);
#346=PRESENTATION_STYLE_ASSIGNMENT((#745));
#347=ADVANCED_FACE('',(#746,#747,#748,#749,#750,#751,#752,#753,#754,#755),#756,.T.);
#348=PRESENTATION_STYLE_ASSIGNMENT((#757));
#349=ADVANCED_FACE('',(#758),#759,.T.);
#350=PRESENTATION_STYLE_ASSIGNMENT((#760));
#351=ADVANCED_FACE('',(#761),#762,.T.);
#352=PRESENTATION_STYLE_ASSIGNMENT((#763));
#353=ADVANCED_FACE('',(#764),#765,.T.);
#354=PRESENTATION_STYLE_ASSIGNMENT((#766));
#355=ADVANCED_FACE('',(#767),#768,.F.);
#356=PRESENTATION_STYLE_ASSIGNMENT((#769));
#357=ADVANCED_FACE('',(#770),#771,.F.);
#358=PRESENTATION_STYLE_ASSIGNMENT((#772));
#359=ADVANCED_FACE('',(#773),#774,.F.);
#360=PRESENTATION_STYLE_ASSIGNMENT((#775));
#361=ADVANCED_FACE('',(#776),#777,.F.);
#362=PRESENTATION_STYLE_ASSIGNMENT((#778));
#363=ADVANCED_FACE('',(#779),#780,.F.);
#364=PRESENTATION_STYLE_ASSIGNMENT((#781));
#365=ADVANCED_FACE('',(#782),#783,.F.);
#366=PRESENTATION_STYLE_ASSIGNMENT((#784));
#367=ADVANCED_FACE('',(#785),#786,.F.);
#368=PRESENTATION_STYLE_ASSIGNMENT((#787));
#369=ADVANCED_FACE('',(#788),#789,.F.);
#370=PRESENTATION_STYLE_ASSIGNMENT((#790));
#371=ADVANCED_FACE('',(#791),#792,.F.);
#372=PRESENTATION_STYLE_ASSIGNMENT((#793));
#373=ADVANCED_FACE('',(#794),#795,.F.);
#374=PRESENTATION_STYLE_ASSIGNMENT((#796));
#375=ADVANCED_FACE('',(#797),#798,.F.);
#376=PRESENTATION_STYLE_ASSIGNMENT((#799));
#377=ADVANCED_FACE('',(#800),#801,.F.);
#378=PRESENTATION_STYLE_ASSIGNMENT((#802));
#379=ADVANCED_FACE('',(#803),#804,.F.);
#380=PRESENTATION_STYLE_ASSIGNMENT((#805));
#381=ADVANCED_FACE('',(#806),#807,.F.);
#382=PRESENTATION_STYLE_ASSIGNMENT((#808));
#383=ADVANCED_FACE('',(#809),#810,.F.);
#384=PRESENTATION_STYLE_ASSIGNMENT((#811));
#385=ADVANCED_FACE('',(#812),#813,.F.);
#386=PRESENTATION_STYLE_ASSIGNMENT((#814));
#387=ADVANCED_FACE('',(#815),#816,.F.);
#388=PRESENTATION_STYLE_ASSIGNMENT((#817));
#389=ADVANCED_FACE('',(#818),#819,.F.);
#390=PRESENTATION_STYLE_ASSIGNMENT((#820));
#391=ADVANCED_FACE('',(#821),#822,.F.);
#392=PRESENTATION_STYLE_ASSIGNMENT((#823));
#393=ADVANCED_FACE('',(#824),#825,.F.);
#394=PRESENTATION_STYLE_ASSIGNMENT((#826));
#395=ADVANCED_FACE('',(#827),#828,.F.);
#396=PRESENTATION_STYLE_ASSIGNMENT((#829));
#397=ADVANCED_FACE('',(#830),#831,.F.);
#398=PRESENTATION_STYLE_ASSIGNMENT((#832));
#399=ADVANCED_FACE('',(#833),#834,.F.);
#400=PRESENTATION_STYLE_ASSIGNMENT((#835));
#401=ADVANCED_FACE('',(#836),#837,.F.);
#402=PRESENTATION_STYLE_ASSIGNMENT((#838));
#403=ADVANCED_FACE('',(#839),#840,.F.);
#404=PRESENTATION_STYLE_ASSIGNMENT((#841));
#405=ADVANCED_FACE('',(#842),#843,.F.);
#406=PRESENTATION_STYLE_ASSIGNMENT((#844));
#407=ADVANCED_FACE('',(#845),#846,.F.);
#408=PRESENTATION_STYLE_ASSIGNMENT((#847));
#409=ADVANCED_FACE('',(#848),#849,.T.);
#410=PRESENTATION_STYLE_ASSIGNMENT((#850));
#411=ADVANCED_FACE('',(#851),#852,.T.);
#412=PRESENTATION_STYLE_ASSIGNMENT((#853));
#413=ADVANCED_FACE('',(#854),#855,.T.);
#414=PRESENTATION_STYLE_ASSIGNMENT((#856));
#415=ADVANCED_FACE('',(#857),#858,.T.);
#416=PRESENTATION_STYLE_ASSIGNMENT((#859));
#417=ADVANCED_FACE('',(#860),#861,.T.);
#418=PRESENTATION_STYLE_ASSIGNMENT((#862));
#419=ADVANCED_FACE('',(#863),#864,.T.);
#420=PRESENTATION_STYLE_ASSIGNMENT((#865));
#421=ADVANCED_FACE('',(#866),#867,.T.);
#422=PRESENTATION_STYLE_ASSIGNMENT((#868));
#423=ADVANCED_FACE('',(#869),#870,.T.);
#424=PRESENTATION_STYLE_ASSIGNMENT((#871));
#425=ADVANCED_FACE('',(#872,#873,#874,#875,#876,#877,#878,#879,#880,#881),#882,.T.);
#426=PRESENTATION_STYLE_ASSIGNMENT((#883));
#427=ADVANCED_FACE('',(#884),#885,.T.);
#428=PRESENTATION_STYLE_ASSIGNMENT((#886));
#429=ADVANCED_FACE('',(#887),#888,.T.);
#430=PRESENTATION_STYLE_ASSIGNMENT((#889));
#431=ADVANCED_FACE('',(#890),#891,.T.);
#432=PRESENTATION_STYLE_ASSIGNMENT((#892));
#433=ADVANCED_FACE('',(#893),#894,.T.);
#434=PRESENTATION_STYLE_ASSIGNMENT((#895));
#435=ADVANCED_FACE('',(#896),#897,.T.);
#436=PRESENTATION_STYLE_ASSIGNMENT((#898));
#437=ADVANCED_FACE('',(#899),#900,.T.);
#438=PRESENTATION_STYLE_ASSIGNMENT((#901));
#439=ADVANCED_FACE('',(#902),#903,.T.);
#440=PRESENTATION_STYLE_ASSIGNMENT((#904));
#441=ADVANCED_FACE('',(#905),#906,.T.);
#442=PRESENTATION_STYLE_ASSIGNMENT((#907));
#443=ADVANCED_FACE('',(#908,#909,#910,#911),#912,.T.);
#444=PRESENTATION_STYLE_ASSIGNMENT((#913));
#445=ADVANCED_FACE('',(#914,#915,#916,#917),#918,.F.);
#446=PRODUCT('connector_a-df_09_pp_z','connector_a-df_09_pp_z','PART-connector_a-df_09_pp_z-DESC',(#919));
#447=PRODUCT_DEFINITION('','NONE',#920,#2);
#448=MANIFOLD_SOLID_BREP('connector_a-df_09_pp_z',#921);
#449=AXIS2_PLACEMENT_3D('',#922,#923,#924);
#452=LENGTH_MEASURE_WITH_UNIT(LENGTH_MEASURE(1.0),#925);
#455=DIMENSIONAL_EXPONENTS(1.0,0.0,0.0,0.0,0.0,0.0,0.0);
#457=DIMENSIONAL_EXPONENTS(0.0,0.0,0.0,0.0,0.0,0.0,0.0);
#463=SURFACE_STYLE_USAGE(.BOTH.,#926);
#464=FACE_OUTER_BOUND('',#927,.T.);
#465=CYLINDRICAL_SURFACE('',#928,2.0);
#466=SURFACE_STYLE_USAGE(.BOTH.,#929);
#467=FACE_OUTER_BOUND('',#930,.T.);
#468=CYLINDRICAL_SURFACE('',#931,2.0);
#469=SURFACE_STYLE_USAGE(.BOTH.,#932);
#470=FACE_OUTER_BOUND('',#933,.T.);
#471=CONICAL_SURFACE('',#934,0.719999999999999,0.785398163397448);
#472=SURFACE_STYLE_USAGE(.BOTH.,#935);
#473=FACE_OUTER_BOUND('',#936,.T.);
#474=CYLINDRICAL_SURFACE('',#937,0.5);
#475=SURFACE_STYLE_USAGE(.BOTH.,#938);
#476=FACE_OUTER_BOUND('',#939,.T.);
#477=CONICAL_SURFACE('',#940,0.719999999999999,0.785398163397448);
#478=SURFACE_STYLE_USAGE(.BOTH.,#941);
#479=FACE_OUTER_BOUND('',#942,.T.);
#480=CYLINDRICAL_SURFACE('',#943,0.5);
#481=SURFACE_STYLE_USAGE(.BOTH.,#944);
#482=FACE_OUTER_BOUND('',#945,.T.);
#483=CONICAL_SURFACE('',#946,0.719999999999999,0.785398163397448);
#484=SURFACE_STYLE_USAGE(.BOTH.,#947);
#485=FACE_OUTER_BOUND('',#948,.T.);
#486=CYLINDRICAL_SURFACE('',#949,0.5);
#487=SURFACE_STYLE_USAGE(.BOTH.,#950);
#488=FACE_OUTER_BOUND('',#951,.T.);
#489=CONICAL_SURFACE('',#952,0.719999999999999,0.785398163397448);
#490=SURFACE_STYLE_USAGE(.BOTH.,#953);
#491=FACE_OUTER_BOUND('',#954,.T.);
#492=CYLINDRICAL_SURFACE('',#955,0.5);
#493=SURFACE_STYLE_USAGE(.BOTH.,#956);
#494=FACE_OUTER_BOUND('',#957,.T.);
#495=CONICAL_SURFACE('',#958,0.719999999999999,0.785398163397448);
#496=SURFACE_STYLE_USAGE(.BOTH.,#959);
#497=FACE_OUTER_BOUND('',#960,.T.);
#498=CYLINDRICAL_SURFACE('',#961,0.5);
#499=SURFACE_STYLE_USAGE(.BOTH.,#962);
#500=FACE_OUTER_BOUND('',#963,.T.);
#501=CONICAL_SURFACE('',#964,0.719999999999999,0.785398163397448);
#502=SURFACE_STYLE_USAGE(.BOTH.,#965);
#503=FACE_OUTER_BOUND('',#966,.T.);
#504=CYLINDRICAL_SURFACE('',#967,0.5);
#505=SURFACE_STYLE_USAGE(.BOTH.,#968);
#506=FACE_OUTER_BOUND('',#969,.T.);
#507=CONICAL_SURFACE('',#970,0.719999999999999,0.785398163397448);
#508=SURFACE_STYLE_USAGE(.BOTH.,#971);
#509=FACE_OUTER_BOUND('',#972,.T.);
#510=CYLINDRICAL_SURFACE('',#973,0.5);
#511=SURFACE_STYLE_USAGE(.BOTH.,#974);
#512=FACE_OUTER_BOUND('',#975,.T.);
#513=CONICAL_SURFACE('',#976,0.719999999999999,0.785398163397448);
#514=SURFACE_STYLE_USAGE(.BOTH.,#977);
#515=FACE_OUTER_BOUND('',#978,.T.);
#516=CYLINDRICAL_SURFACE('',#979,0.5);
#517=SURFACE_STYLE_USAGE(.BOTH.,#980);
#518=FACE_OUTER_BOUND('',#981,.T.);
#519=CONICAL_SURFACE('',#982,0.719999999999999,0.785398163397448);
#520=SURFACE_STYLE_USAGE(.BOTH.,#983);
#521=FACE_OUTER_BOUND('',#984,.T.);
#522=CYLINDRICAL_SURFACE('',#985,0.5);
#523=SURFACE_STYLE_USAGE(.BOTH.,#986);
#524=FACE_OUTER_BOUND('',#987,.T.);
#525=CYLINDRICAL_SURFACE('',#988,0.325000000000273);
#526=SURFACE_STYLE_USAGE(.BOTH.,#989);
#527=FACE_OUTER_BOUND('',#990,.T.);
#528=CYLINDRICAL_SURFACE('',#991,0.770000000000664);
#529=SURFACE_STYLE_USAGE(.BOTH.,#992);
#530=FACE_OUTER_BOUND('',#993,.T.);
#531=CYLINDRICAL_SURFACE('',#994,0.325000000000273);
#532=SURFACE_STYLE_USAGE(.BOTH.,#995);
#533=FACE_OUTER_BOUND('',#996,.T.);
#534=CYLINDRICAL_SURFACE('',#997,0.770000000000664);
#535=SURFACE_STYLE_USAGE(.BOTH.,#998);
#536=FACE_OUTER_BOUND('',#999,.T.);
#537=CYLINDRICAL_SURFACE('',#1000,0.325000000000273);
#538=SURFACE_STYLE_USAGE(.BOTH.,#1001);
#539=FACE_OUTER_BOUND('',#1002,.T.);
#540=CYLINDRICAL_SURFACE('',#1003,0.770000000000664);
#541=SURFACE_STYLE_USAGE(.BOTH.,#1004);
#542=FACE_OUTER_BOUND('',#1005,.T.);
#543=CYLINDRICAL_SURFACE('',#1006,0.325000000000273);
#544=SURFACE_STYLE_USAGE(.BOTH.,#1007);
#545=FACE_OUTER_BOUND('',#1008,.T.);
#546=CYLINDRICAL_SURFACE('',#1009,0.770000000000664);
#547=SURFACE_STYLE_USAGE(.BOTH.,#1010);
#548=FACE_OUTER_BOUND('',#1011,.T.);
#549=CYLINDRICAL_SURFACE('',#1012,0.325000000000273);
#550=SURFACE_STYLE_USAGE(.BOTH.,#1013);
#551=FACE_OUTER_BOUND('',#1014,.T.);
#552=CYLINDRICAL_SURFACE('',#1015,0.770000000000664);
#553=SURFACE_STYLE_USAGE(.BOTH.,#1016);
#554=FACE_OUTER_BOUND('',#1017,.T.);
#555=CYLINDRICAL_SURFACE('',#1018,0.325000000000273);
#556=SURFACE_STYLE_USAGE(.BOTH.,#1019);
#557=FACE_OUTER_BOUND('',#1020,.T.);
#558=CYLINDRICAL_SURFACE('',#1021,0.770000000000664);
#559=SURFACE_STYLE_USAGE(.BOTH.,#1022);
#560=FACE_OUTER_BOUND('',#1023,.T.);
#561=CYLINDRICAL_SURFACE('',#1024,0.325000000000273);
#562=SURFACE_STYLE_USAGE(.BOTH.,#1025);
#563=FACE_OUTER_BOUND('',#1026,.T.);
#564=CYLINDRICAL_SURFACE('',#1027,0.770000000000664);
#565=SURFACE_STYLE_USAGE(.BOTH.,#1028);
#566=FACE_OUTER_BOUND('',#1029,.T.);
#567=CYLINDRICAL_SURFACE('',#1030,0.325000000000273);
#568=SURFACE_STYLE_USAGE(.BOTH.,#1031);
#569=FACE_OUTER_BOUND('',#1032,.T.);
#570=CYLINDRICAL_SURFACE('',#1033,0.770000000000664);
#571=SURFACE_STYLE_USAGE(.BOTH.,#1034);
#572=FACE_OUTER_BOUND('',#1035,.T.);
#573=CYLINDRICAL_SURFACE('',#1036,0.325000000000273);
#574=SURFACE_STYLE_USAGE(.BOTH.,#1037);
#575=FACE_OUTER_BOUND('',#1038,.T.);
#576=CYLINDRICAL_SURFACE('',#1039,0.770000000000664);
#577=SURFACE_STYLE_USAGE(.BOTH.,#1040);
#578=FACE_OUTER_BOUND('',#1041,.T.);
#579=CYLINDRICAL_SURFACE('',#1042,1.07822999999999);
#580=SURFACE_STYLE_USAGE(.BOTH.,#1043);
#581=FACE_OUTER_BOUND('',#1044,.T.);
#582=CYLINDRICAL_SURFACE('',#1045,1.07822999999999);
#583=SURFACE_STYLE_USAGE(.BOTH.,#1046);
#584=FACE_OUTER_BOUND('',#1047,.T.);
#585=CYLINDRICAL_SURFACE('',#1048,1.07822999999999);
#586=SURFACE_STYLE_USAGE(.BOTH.,#1049);
#587=FACE_OUTER_BOUND('',#1050,.T.);
#588=CYLINDRICAL_SURFACE('',#1051,1.07822999999999);
#589=SURFACE_STYLE_USAGE(.BOTH.,#1052);
#590=FACE_OUTER_BOUND('',#1053,.T.);
#591=CYLINDRICAL_SURFACE('',#1054,0.770000000000664);
#592=SURFACE_STYLE_USAGE(.BOTH.,#1055);
#593=FACE_OUTER_BOUND('',#1056,.T.);
#594=CYLINDRICAL_SURFACE('',#1057,0.325000000000273);
#595=SURFACE_STYLE_USAGE(.BOTH.,#1058);
#596=FACE_OUTER_BOUND('',#1059,.T.);
#597=FACE_BOUND('',#1060,.T.);
#598=PLANE('',#1061);
#599=SURFACE_STYLE_USAGE(.BOTH.,#1062);
#600=FACE_OUTER_BOUND('',#1063,.T.);
#601=PLANE('',#1064);
#602=SURFACE_STYLE_USAGE(.BOTH.,#1065);
#603=FACE_OUTER_BOUND('',#1066,.T.);
#604=CYLINDRICAL_SURFACE('',#1067,0.770000000000664);
#605=SURFACE_STYLE_USAGE(.BOTH.,#1068);
#606=FACE_OUTER_BOUND('',#1069,.T.);
#607=CYLINDRICAL_SURFACE('',#1070,0.325000000000273);
#608=SURFACE_STYLE_USAGE(.BOTH.,#1071);
#609=FACE_OUTER_BOUND('',#1072,.T.);
#610=FACE_BOUND('',#1073,.T.);
#611=PLANE('',#1074);
#612=SURFACE_STYLE_USAGE(.BOTH.,#1075);
#613=FACE_OUTER_BOUND('',#1076,.T.);
#614=PLANE('',#1077);
#615=SURFACE_STYLE_USAGE(.BOTH.,#1078);
#616=FACE_OUTER_BOUND('',#1079,.T.);
#617=CYLINDRICAL_SURFACE('',#1080,0.770000000000664);
#618=SURFACE_STYLE_USAGE(.BOTH.,#1081);
#619=FACE_OUTER_BOUND('',#1082,.T.);
#620=CYLINDRICAL_SURFACE('',#1083,0.325000000000273);
#621=SURFACE_STYLE_USAGE(.BOTH.,#1084);
#622=FACE_OUTER_BOUND('',#1085,.T.);
#623=FACE_BOUND('',#1086,.T.);
#624=PLANE('',#1087);
#625=SURFACE_STYLE_USAGE(.BOTH.,#1088);
#626=FACE_OUTER_BOUND('',#1089,.T.);
#627=PLANE('',#1090);
#628=SURFACE_STYLE_USAGE(.BOTH.,#1091);
#629=FACE_OUTER_BOUND('',#1092,.T.);
#630=CYLINDRICAL_SURFACE('',#1093,0.770000000000664);
#631=SURFACE_STYLE_USAGE(.BOTH.,#1094);
#632=FACE_OUTER_BOUND('',#1095,.T.);
#633=CYLINDRICAL_SURFACE('',#1096,0.325000000000273);
#634=SURFACE_STYLE_USAGE(.BOTH.,#1097);
#635=FACE_OUTER_BOUND('',#1098,.T.);
#636=FACE_BOUND('',#1099,.T.);
#637=PLANE('',#1100);
#638=SURFACE_STYLE_USAGE(.BOTH.,#1101);
#639=FACE_OUTER_BOUND('',#1102,.T.);
#640=PLANE('',#1103);
#641=SURFACE_STYLE_USAGE(.BOTH.,#1104);
#642=FACE_OUTER_BOUND('',#1105,.T.);
#643=CYLINDRICAL_SURFACE('',#1106,0.770000000000664);
#644=SURFACE_STYLE_USAGE(.BOTH.,#1107);
#645=FACE_OUTER_BOUND('',#1108,.T.);
#646=CYLINDRICAL_SURFACE('',#1109,0.325000000000273);
#647=SURFACE_STYLE_USAGE(.BOTH.,#1110);
#648=FACE_OUTER_BOUND('',#1111,.T.);
#649=FACE_BOUND('',#1112,.T.);
#650=PLANE('',#1113);
#651=SURFACE_STYLE_USAGE(.BOTH.,#1114);
#652=FACE_OUTER_BOUND('',#1115,.T.);
#653=PLANE('',#1116);
#654=SURFACE_STYLE_USAGE(.BOTH.,#1117);
#655=FACE_OUTER_BOUND('',#1118,.T.);
#656=CYLINDRICAL_SURFACE('',#1119,0.770000000000664);
#657=SURFACE_STYLE_USAGE(.BOTH.,#1120);
#658=FACE_OUTER_BOUND('',#1121,.T.);
#659=CYLINDRICAL_SURFACE('',#1122,0.325000000000273);
#660=SURFACE_STYLE_USAGE(.BOTH.,#1123);
#661=FACE_OUTER_BOUND('',#1124,.T.);
#662=FACE_BOUND('',#1125,.T.);
#663=PLANE('',#1126);
#664=SURFACE_STYLE_USAGE(.BOTH.,#1127);
#665=FACE_OUTER_BOUND('',#1128,.T.);
#666=PLANE('',#1129);
#667=SURFACE_STYLE_USAGE(.BOTH.,#1130);
#668=FACE_OUTER_BOUND('',#1131,.T.);
#669=CYLINDRICAL_SURFACE('',#1132,0.770000000000664);
#670=SURFACE_STYLE_USAGE(.BOTH.,#1133);
#671=FACE_OUTER_BOUND('',#1134,.T.);
#672=CYLINDRICAL_SURFACE('',#1135,0.325000000000273);
#673=SURFACE_STYLE_USAGE(.BOTH.,#1136);
#674=FACE_OUTER_BOUND('',#1137,.T.);
#675=FACE_BOUND('',#1138,.T.);
#676=PLANE('',#1139);
#677=SURFACE_STYLE_USAGE(.BOTH.,#1140);
#678=FACE_OUTER_BOUND('',#1141,.T.);
#679=PLANE('',#1142);
#680=SURFACE_STYLE_USAGE(.BOTH.,#1143);
#681=FACE_OUTER_BOUND('',#1144,.T.);
#682=CYLINDRICAL_SURFACE('',#1145,0.770000000000664);
#683=SURFACE_STYLE_USAGE(.BOTH.,#1146);
#684=FACE_OUTER_BOUND('',#1147,.T.);
#685=CYLINDRICAL_SURFACE('',#1148,0.325000000000273);
#686=SURFACE_STYLE_USAGE(.BOTH.,#1149);
#687=FACE_OUTER_BOUND('',#1150,.T.);
#688=FACE_BOUND('',#1151,.T.);
#689=PLANE('',#1152);
#690=SURFACE_STYLE_USAGE(.BOTH.,#1153);
#691=FACE_OUTER_BOUND('',#1154,.T.);
#692=PLANE('',#1155);
#693=SURFACE_STYLE_USAGE(.BOTH.,#1156);
#694=FACE_OUTER_BOUND('',#1157,.T.);
#695=CYLINDRICAL_SURFACE('',#1158,0.770000000000664);
#696=SURFACE_STYLE_USAGE(.BOTH.,#1159);
#697=FACE_OUTER_BOUND('',#1160,.T.);
#698=CYLINDRICAL_SURFACE('',#1161,0.325000000000273);
#699=SURFACE_STYLE_USAGE(.BOTH.,#1162);
#700=FACE_OUTER_BOUND('',#1163,.T.);
#701=FACE_BOUND('',#1164,.T.);
#702=PLANE('',#1165);
#703=SURFACE_STYLE_USAGE(.BOTH.,#1166);
#704=FACE_OUTER_BOUND('',#1167,.T.);
#705=PLANE('',#1168);
#706=SURFACE_STYLE_USAGE(.BOTH.,#1169);
#707=FACE_OUTER_BOUND('',#1170,.T.);
#708=PLANE('',#1171);
#709=SURFACE_STYLE_USAGE(.BOTH.,#1172);
#710=FACE_OUTER_BOUND('',#1173,.T.);
#711=PLANE('',#1174);
#712=SURFACE_STYLE_USAGE(.BOTH.,#1175);
#713=FACE_OUTER_BOUND('',#1176,.T.);
#714=PLANE('',#1177);
#715=SURFACE_STYLE_USAGE(.BOTH.,#1178);
#716=FACE_OUTER_BOUND('',#1179,.T.);
#717=CYLINDRICAL_SURFACE('',#1180,0.5);
#718=SURFACE_STYLE_USAGE(.BOTH.,#1181);
#719=FACE_OUTER_BOUND('',#1182,.T.);
#720=PLANE('',#1183);
#721=SURFACE_STYLE_USAGE(.BOTH.,#1184);
#722=FACE_OUTER_BOUND('',#1185,.T.);
#723=CYLINDRICAL_SURFACE('',#1186,0.499999999999943);
#724=SURFACE_STYLE_USAGE(.BOTH.,#1187);
#725=FACE_OUTER_BOUND('',#1188,.T.);
#726=PLANE('',#1189);
#727=SURFACE_STYLE_USAGE(.BOTH.,#1190);
#728=FACE_OUTER_BOUND('',#1191,.T.);
#729=CYLINDRICAL_SURFACE('',#1192,2.0);
#730=SURFACE_STYLE_USAGE(.BOTH.,#1193);
#731=FACE_OUTER_BOUND('',#1194,.T.);
#732=CYLINDRICAL_SURFACE('',#1195,2.00191749436025);
#733=SURFACE_STYLE_USAGE(.BOTH.,#1196);
#734=FACE_OUTER_BOUND('',#1197,.T.);
#735=PLANE('',#1198);
#736=SURFACE_STYLE_USAGE(.BOTH.,#1199);
#737=FACE_OUTER_BOUND('',#1200,.T.);
#738=CYLINDRICAL_SURFACE('',#1201,1.8);
#739=SURFACE_STYLE_USAGE(.BOTH.,#1202);
#740=FACE_OUTER_BOUND('',#1203,.T.);
#741=PLANE('',#1204);
#742=SURFACE_STYLE_USAGE(.BOTH.,#1205);
#743=FACE_OUTER_BOUND('',#1206,.T.);
#744=CYLINDRICAL_SURFACE('',#1207,0.5);
#745=SURFACE_STYLE_USAGE(.BOTH.,#1208);
#746=FACE_BOUND('',#1209,.T.);
#747=FACE_BOUND('',#1210,.T.);
#748=FACE_BOUND('',#1211,.T.);
#749=FACE_BOUND('',#1212,.T.);
#750=FACE_BOUND('',#1213,.T.);
#751=FACE_BOUND('',#1214,.T.);
#752=FACE_BOUND('',#1215,.T.);
#753=FACE_BOUND('',#1216,.T.);
#754=FACE_BOUND('',#1217,.T.);
#755=FACE_OUTER_BOUND('',#1218,.T.);
#756=PLANE('',#1219);
#757=SURFACE_STYLE_USAGE(.BOTH.,#1220);
#758=FACE_OUTER_BOUND('',#1221,.T.);
#759=CYLINDRICAL_SURFACE('',#1222,0.5);
#760=SURFACE_STYLE_USAGE(.BOTH.,#1223);
#761=FACE_OUTER_BOUND('',#1224,.T.);
#762=PLANE('',#1225);
#763=SURFACE_STYLE_USAGE(.BOTH.,#1226);
#764=FACE_OUTER_BOUND('',#1227,.T.);
#765=CYLINDRICAL_SURFACE('',#1228,1.8);
#766=SURFACE_STYLE_USAGE(.BOTH.,#1229);
#767=FACE_OUTER_BOUND('',#1230,.T.);
#768=PLANE('',#1231);
#769=SURFACE_STYLE_USAGE(.BOTH.,#1232);
#770=FACE_OUTER_BOUND('',#1233,.T.);
#771=CYLINDRICAL_SURFACE('',#1234,0.5);
#772=SURFACE_STYLE_USAGE(.BOTH.,#1235);
#773=FACE_OUTER_BOUND('',#1236,.T.);
#774=CONICAL_SURFACE('',#1237,0.719999999999999,0.785398163397448);
#775=SURFACE_STYLE_USAGE(.BOTH.,#1238);
#776=FACE_OUTER_BOUND('',#1239,.T.);
#777=PLANE('',#1240);
#778=SURFACE_STYLE_USAGE(.BOTH.,#1241);
#779=FACE_OUTER_BOUND('',#1242,.T.);
#780=CYLINDRICAL_SURFACE('',#1243,0.5);
#781=SURFACE_STYLE_USAGE(.BOTH.,#1244);
#782=FACE_OUTER_BOUND('',#1245,.T.);
#783=CONICAL_SURFACE('',#1246,0.719999999999999,0.785398163397448);
#784=SURFACE_STYLE_USAGE(.BOTH.,#1247);
#785=FACE_OUTER_BOUND('',#1248,.T.);
#786=PLANE('',#1249);
#787=SURFACE_STYLE_USAGE(.BOTH.,#1250);
#788=FACE_OUTER_BOUND('',#1251,.T.);
#789=CYLINDRICAL_SURFACE('',#1252,0.5);
#790=SURFACE_STYLE_USAGE(.BOTH.,#1253);
#791=FACE_OUTER_BOUND('',#1254,.T.);
#792=CONICAL_SURFACE('',#1255,0.719999999999999,0.785398163397448);
#793=SURFACE_STYLE_USAGE(.BOTH.,#1256);
#794=FACE_OUTER_BOUND('',#1257,.T.);
#795=PLANE('',#1258);
#796=SURFACE_STYLE_USAGE(.BOTH.,#1259);
#797=FACE_OUTER_BOUND('',#1260,.T.);
#798=CYLINDRICAL_SURFACE('',#1261,0.5);
#799=SURFACE_STYLE_USAGE(.BOTH.,#1262);
#800=FACE_OUTER_BOUND('',#1263,.T.);
#801=CONICAL_SURFACE('',#1264,0.719999999999999,0.785398163397448);
#802=SURFACE_STYLE_USAGE(.BOTH.,#1265);
#803=FACE_OUTER_BOUND('',#1266,.T.);
#804=PLANE('',#1267);
#805=SURFACE_STYLE_USAGE(.BOTH.,#1268);
#806=FACE_OUTER_BOUND('',#1269,.T.);
#807=CYLINDRICAL_SURFACE('',#1270,0.5);
#808=SURFACE_STYLE_USAGE(.BOTH.,#1271);
#809=FACE_OUTER_BOUND('',#1272,.T.);
#810=CONICAL_SURFACE('',#1273,0.719999999999999,0.785398163397448);
#811=SURFACE_STYLE_USAGE(.BOTH.,#1274);
#812=FACE_OUTER_BOUND('',#1275,.T.);
#813=PLANE('',#1276);
#814=SURFACE_STYLE_USAGE(.BOTH.,#1277);
#815=FACE_OUTER_BOUND('',#1278,.T.);
#816=CYLINDRICAL_SURFACE('',#1279,0.5);
#817=SURFACE_STYLE_USAGE(.BOTH.,#1280);
#818=FACE_OUTER_BOUND('',#1281,.T.);
#819=CONICAL_SURFACE('',#1282,0.719999999999999,0.785398163397448);
#820=SURFACE_STYLE_USAGE(.BOTH.,#1283);
#821=FACE_OUTER_BOUND('',#1284,.T.);
#822=PLANE('',#1285);
#823=SURFACE_STYLE_USAGE(.BOTH.,#1286);
#824=FACE_OUTER_BOUND('',#1287,.T.);
#825=CYLINDRICAL_SURFACE('',#1288,0.5);
#826=SURFACE_STYLE_USAGE(.BOTH.,#1289);
#827=FACE_OUTER_BOUND('',#1290,.T.);
#828=CONICAL_SURFACE('',#1291,0.719999999999999,0.785398163397448);
#829=SURFACE_STYLE_USAGE(.BOTH.,#1292);
#830=FACE_OUTER_BOUND('',#1293,.T.);
#831=PLANE('',#1294);
#832=SURFACE_STYLE_USAGE(.BOTH.,#1295);
#833=FACE_OUTER_BOUND('',#1296,.T.);
#834=CYLINDRICAL_SURFACE('',#1297,0.5);
#835=SURFACE_STYLE_USAGE(.BOTH.,#1298);
#836=FACE_OUTER_BOUND('',#1299,.T.);
#837=CONICAL_SURFACE('',#1300,0.719999999999999,0.785398163397448);
#838=SURFACE_STYLE_USAGE(.BOTH.,#1301);
#839=FACE_OUTER_BOUND('',#1302,.T.);
#840=PLANE('',#1303);
#841=SURFACE_STYLE_USAGE(.BOTH.,#1304);
#842=FACE_OUTER_BOUND('',#1305,.T.);
#843=CYLINDRICAL_SURFACE('',#1306,0.5);
#844=SURFACE_STYLE_USAGE(.BOTH.,#1307);
#845=FACE_OUTER_BOUND('',#1308,.T.);
#846=CONICAL_SURFACE('',#1309,0.719999999999999,0.785398163397448);
#847=SURFACE_STYLE_USAGE(.BOTH.,#1310);
#848=FACE_OUTER_BOUND('',#1311,.T.);
#849=PLANE('',#1312);
#850=SURFACE_STYLE_USAGE(.BOTH.,#1313);
#851=FACE_OUTER_BOUND('',#1314,.T.);
#852=CYLINDRICAL_SURFACE('',#1315,2.0);
#853=SURFACE_STYLE_USAGE(.BOTH.,#1316);
#854=FACE_OUTER_BOUND('',#1317,.T.);
#855=PLANE('',#1318);
#856=SURFACE_STYLE_USAGE(.BOTH.,#1319);
#857=FACE_OUTER_BOUND('',#1320,.T.);
#858=CYLINDRICAL_SURFACE('',#1321,2.0);
#859=SURFACE_STYLE_USAGE(.BOTH.,#1322);
#860=FACE_OUTER_BOUND('',#1323,.T.);
#861=CYLINDRICAL_SURFACE('',#1324,2.0);
#862=SURFACE_STYLE_USAGE(.BOTH.,#1325);
#863=FACE_OUTER_BOUND('',#1326,.T.);
#864=PLANE('',#1327);
#865=SURFACE_STYLE_USAGE(.BOTH.,#1328);
#866=FACE_OUTER_BOUND('',#1329,.T.);
#867=CYLINDRICAL_SURFACE('',#1330,2.0);
#868=SURFACE_STYLE_USAGE(.BOTH.,#1331);
#869=FACE_OUTER_BOUND('',#1332,.T.);
#870=PLANE('',#1333);
#871=SURFACE_STYLE_USAGE(.BOTH.,#1334);
#872=FACE_BOUND('',#1335,.T.);
#873=FACE_BOUND('',#1336,.T.);
#874=FACE_BOUND('',#1337,.T.);
#875=FACE_BOUND('',#1338,.T.);
#876=FACE_BOUND('',#1339,.T.);
#877=FACE_BOUND('',#1340,.T.);
#878=FACE_BOUND('',#1341,.T.);
#879=FACE_BOUND('',#1342,.T.);
#880=FACE_BOUND('',#1343,.T.);
#881=FACE_OUTER_BOUND('',#1344,.T.);
#882=PLANE('',#1345);
#883=SURFACE_STYLE_USAGE(.BOTH.,#1346);
#884=FACE_OUTER_BOUND('',#1347,.T.);
#885=CYLINDRICAL_SURFACE('',#1348,1.3);
#886=SURFACE_STYLE_USAGE(.BOTH.,#1349);
#887=FACE_OUTER_BOUND('',#1350,.T.);
#888=PLANE('',#1351);
#889=SURFACE_STYLE_USAGE(.BOTH.,#1352);
#890=FACE_OUTER_BOUND('',#1353,.T.);
#891=CYLINDRICAL_SURFACE('',#1354,1.3);
#892=SURFACE_STYLE_USAGE(.BOTH.,#1355);
#893=FACE_OUTER_BOUND('',#1356,.T.);
#894=PLANE('',#1357);
#895=SURFACE_STYLE_USAGE(.BOTH.,#1358);
#896=FACE_OUTER_BOUND('',#1359,.T.);
#897=CYLINDRICAL_SURFACE('',#1360,1.3);
#898=SURFACE_STYLE_USAGE(.BOTH.,#1361);
#899=FACE_OUTER_BOUND('',#1362,.T.);
#900=PLANE('',#1363);
#901=SURFACE_STYLE_USAGE(.BOTH.,#1364);
#902=FACE_OUTER_BOUND('',#1365,.T.);
#903=CYLINDRICAL_SURFACE('',#1366,1.3);
#904=SURFACE_STYLE_USAGE(.BOTH.,#1367);
#905=FACE_OUTER_BOUND('',#1368,.T.);
#906=PLANE('',#1369);
#907=SURFACE_STYLE_USAGE(.BOTH.,#1370);
#908=FACE_BOUND('',#1371,.T.);
#909=FACE_BOUND('',#1372,.T.);
#910=FACE_BOUND('',#1373,.T.);
#911=FACE_OUTER_BOUND('',#1374,.T.);
#912=PLANE('',#1375);
#913=SURFACE_STYLE_USAGE(.BOTH.,#1376);
#914=FACE_BOUND('',#1377,.T.);
#915=FACE_BOUND('',#1378,.T.);
#916=FACE_BOUND('',#1379,.T.);
#917=FACE_OUTER_BOUND('',#1380,.T.);
#918=PLANE('',#1381);
#919=PRODUCT_CONTEXT('',#151,'mechanical');
#920=PRODUCT_DEFINITION_FORMATION_WITH_SPECIFIED_SOURCE(' ','NONE',#446,.NOT_KNOWN.);
#921=CLOSED_SHELL('',(#165,#167,#169,#171,#173,#175,#177,#179,#181,#183,#185,#187,#189,#191,#193,#195,#197,#199,#201,#203,#205,#207,#209,#211,#213,#215,#217,#219,#221,#223,#225,#227,#229,#231,#233,#235,#237,#239,#241,#243,#245,#247,#249,#251,#253,#255,#257,#259,#261,#263,#265,#267,#269,#271,#273,#275,#277,#279,#281,#283,#285,#287,#289,#291,#293,#295,#297,#299,#301,#303,#305,#307,#309,#311,#313,#315,#317,#319,#321,#323,#325,#327,#329,#331,#333,#335,#337,#339,#341,#343,#345,#347,#349,#351,#353,#355,#357,#359,#361,#363,#365,#367,#369,#371,#373,#375,#377,#379,#381,#383,#385,#387,#389,#391,#393,#395,#397,#399,#401,#403,#405,#407,#409,#411,#413,#415,#417,#419,#421,#423,#425,#427,#429,#431,#433,#435,#437,#439,#441,#443,#445));
#922=CARTESIAN_POINT('',(0.0,0.0,0.0));
#923=DIRECTION('',(0.0,0.0,1.0));
#924=DIRECTION('',(1.0,0.0,0.0));
#925= (NAMED_UNIT(#455)LENGTH_UNIT()SI_UNIT(.MILLI.,.METRE.));
#926=SURFACE_SIDE_STYLE('',(#1383));
#927=EDGE_LOOP('',(#1384,#1385,#1386,#1387));
#928=AXIS2_PLACEMENT_3D('',#1388,#1389,#1390);
#929=SURFACE_SIDE_STYLE('',(#1391));
#930=EDGE_LOOP('',(#1392,#1393,#1394,#1395));
#931=AXIS2_PLACEMENT_3D('',#1396,#1397,#1398);
#932=SURFACE_SIDE_STYLE('',(#1399));
#933=EDGE_LOOP('',(#1400,#1401,#1402,#1403));
#934=AXIS2_PLACEMENT_3D('',#1404,#1405,#1406);
#935=SURFACE_SIDE_STYLE('',(#1407));
#936=EDGE_LOOP('',(#1408,#1409,#1410,#1411));
#937=AXIS2_PLACEMENT_3D('',#1412,#1413,#1414);
#938=SURFACE_SIDE_STYLE('',(#1415));
#939=EDGE_LOOP('',(#1416,#1417,#1418,#1419));
#940=AXIS2_PLACEMENT_3D('',#1420,#1421,#1422);
#941=SURFACE_SIDE_STYLE('',(#1423));
#942=EDGE_LOOP('',(#1424,#1425,#1426,#1427));
#943=AXIS2_PLACEMENT_3D('',#1428,#1429,#1430);
#944=SURFACE_SIDE_STYLE('',(#1431));
#945=EDGE_LOOP('',(#1432,#1433,#1434,#1435));
#946=AXIS2_PLACEMENT_3D('',#1436,#1437,#1438);
#947=SURFACE_SIDE_STYLE('',(#1439));
#948=EDGE_LOOP('',(#1440,#1441,#1442,#1443));
#949=AXIS2_PLACEMENT_3D('',#1444,#1445,#1446);
#950=SURFACE_SIDE_STYLE('',(#1447));
#951=EDGE_LOOP('',(#1448,#1449,#1450,#1451));
#952=AXIS2_PLACEMENT_3D('',#1452,#1453,#1454);
#953=SURFACE_SIDE_STYLE('',(#1455));
#954=EDGE_LOOP('',(#1456,#1457,#1458,#1459));
#955=AXIS2_PLACEMENT_3D('',#1460,#1461,#1462);
#956=SURFACE_SIDE_STYLE('',(#1463));
#957=EDGE_LOOP('',(#1464,#1465,#1466,#1467));
#958=AXIS2_PLACEMENT_3D('',#1468,#1469,#1470);
#959=SURFACE_SIDE_STYLE('',(#1471));
#960=EDGE_LOOP('',(#1472,#1473,#1474,#1475));
#961=AXIS2_PLACEMENT_3D('',#1476,#1477,#1478);
#962=SURFACE_SIDE_STYLE('',(#1479));
#963=EDGE_LOOP('',(#1480,#1481,#1482,#1483));
#964=AXIS2_PLACEMENT_3D('',#1484,#1485,#1486);
#965=SURFACE_SIDE_STYLE('',(#1487));
#966=EDGE_LOOP('',(#1488,#1489,#1490,#1491));
#967=AXIS2_PLACEMENT_3D('',#1492,#1493,#1494);
#968=SURFACE_SIDE_STYLE('',(#1495));
#969=EDGE_LOOP('',(#1496,#1497,#1498,#1499));
#970=AXIS2_PLACEMENT_3D('',#1500,#1501,#1502);
#971=SURFACE_SIDE_STYLE('',(#1503));
#972=EDGE_LOOP('',(#1504,#1505,#1506,#1507));
#973=AXIS2_PLACEMENT_3D('',#1508,#1509,#1510);
#974=SURFACE_SIDE_STYLE('',(#1511));
#975=EDGE_LOOP('',(#1512,#1513,#1514,#1515));
#976=AXIS2_PLACEMENT_3D('',#1516,#1517,#1518);
#977=SURFACE_SIDE_STYLE('',(#1519));
#978=EDGE_LOOP('',(#1520,#1521,#1522,#1523));
#979=AXIS2_PLACEMENT_3D('',#1524,#1525,#1526);
#980=SURFACE_SIDE_STYLE('',(#1527));
#981=EDGE_LOOP('',(#1528,#1529,#1530,#1531));
#982=AXIS2_PLACEMENT_3D('',#1532,#1533,#1534);
#983=SURFACE_SIDE_STYLE('',(#1535));
#984=EDGE_LOOP('',(#1536,#1537,#1538,#1539));
#985=AXIS2_PLACEMENT_3D('',#1540,#1541,#1542);
#986=SURFACE_SIDE_STYLE('',(#1543));
#987=EDGE_LOOP('',(#1544,#1545,#1546,#1547));
#988=AXIS2_PLACEMENT_3D('',#1548,#1549,#1550);
#989=SURFACE_SIDE_STYLE('',(#1551));
#990=EDGE_LOOP('',(#1552,#1553,#1554,#1555));
#991=AXIS2_PLACEMENT_3D('',#1556,#1557,#1558);
#992=SURFACE_SIDE_STYLE('',(#1559));
#993=EDGE_LOOP('',(#1560,#1561,#1562,#1563));
#994=AXIS2_PLACEMENT_3D('',#1564,#1565,#1566);
#995=SURFACE_SIDE_STYLE('',(#1567));
#996=EDGE_LOOP('',(#1568,#1569,#1570,#1571));
#997=AXIS2_PLACEMENT_3D('',#1572,#1573,#1574);
#998=SURFACE_SIDE_STYLE('',(#1575));
#999=EDGE_LOOP('',(#1576,#1577,#1578,#1579));
#1000=AXIS2_PLACEMENT_3D('',#1580,#1581,#1582);
#1001=SURFACE_SIDE_STYLE('',(#1583));
#1002=EDGE_LOOP('',(#1584,#1585,#1586,#1587));
#1003=AXIS2_PLACEMENT_3D('',#1588,#1589,#1590);
#1004=SURFACE_SIDE_STYLE('',(#1591));
#1005=EDGE_LOOP('',(#1592,#1593,#1594,#1595));
#1006=AXIS2_PLACEMENT_3D('',#1596,#1597,#1598);
#1007=SURFACE_SIDE_STYLE('',(#1599));
#1008=EDGE_LOOP('',(#1600,#1601,#1602,#1603));
#1009=AXIS2_PLACEMENT_3D('',#1604,#1605,#1606);
#1010=SURFACE_SIDE_STYLE('',(#1607));
#1011=EDGE_LOOP('',(#1608,#1609,#1610,#1611));
#1012=AXIS2_PLACEMENT_3D('',#1612,#1613,#1614);
#1013=SURFACE_SIDE_STYLE('',(#1615));
#1014=EDGE_LOOP('',(#1616,#1617,#1618,#1619));
#1015=AXIS2_PLACEMENT_3D('',#1620,#1621,#1622);
#1016=SURFACE_SIDE_STYLE('',(#1623));
#1017=EDGE_LOOP('',(#1624,#1625,#1626,#1627));
#1018=AXIS2_PLACEMENT_3D('',#1628,#1629,#1630);
#1019=SURFACE_SIDE_STYLE('',(#1631));
#1020=EDGE_LOOP('',(#1632,#1633,#1634,#1635));
#1021=AXIS2_PLACEMENT_3D('',#1636,#1637,#1638);
#1022=SURFACE_SIDE_STYLE('',(#1639));
#1023=EDGE_LOOP('',(#1640,#1641,#1642,#1643));
#1024=AXIS2_PLACEMENT_3D('',#1644,#1645,#1646);
#1025=SURFACE_SIDE_STYLE('',(#1647));
#1026=EDGE_LOOP('',(#1648,#1649,#1650,#1651));
#1027=AXIS2_PLACEMENT_3D('',#1652,#1653,#1654);
#1028=SURFACE_SIDE_STYLE('',(#1655));
#1029=EDGE_LOOP('',(#1656,#1657,#1658,#1659));
#1030=AXIS2_PLACEMENT_3D('',#1660,#1661,#1662);
#1031=SURFACE_SIDE_STYLE('',(#1663));
#1032=EDGE_LOOP('',(#1664,#1665,#1666,#1667));
#1033=AXIS2_PLACEMENT_3D('',#1668,#1669,#1670);
#1034=SURFACE_SIDE_STYLE('',(#1671));
#1035=EDGE_LOOP('',(#1672,#1673,#1674,#1675));
#1036=AXIS2_PLACEMENT_3D('',#1676,#1677,#1678);
#1037=SURFACE_SIDE_STYLE('',(#1679));
#1038=EDGE_LOOP('',(#1680,#1681,#1682,#1683));
#1039=AXIS2_PLACEMENT_3D('',#1684,#1685,#1686);
#1040=SURFACE_SIDE_STYLE('',(#1687));
#1041=EDGE_LOOP('',(#1688,#1689,#1690,#1691));
#1042=AXIS2_PLACEMENT_3D('',#1692,#1693,#1694);
#1043=SURFACE_SIDE_STYLE('',(#1695));
#1044=EDGE_LOOP('',(#1696,#1697,#1698,#1699));
#1045=AXIS2_PLACEMENT_3D('',#1700,#1701,#1702);
#1046=SURFACE_SIDE_STYLE('',(#1703));
#1047=EDGE_LOOP('',(#1704,#1705,#1706,#1707));
#1048=AXIS2_PLACEMENT_3D('',#1708,#1709,#1710);
#1049=SURFACE_SIDE_STYLE('',(#1711));
#1050=EDGE_LOOP('',(#1712,#1713,#1714,#1715));
#1051=AXIS2_PLACEMENT_3D('',#1716,#1717,#1718);
#1052=SURFACE_SIDE_STYLE('',(#1719));
#1053=EDGE_LOOP('',(#1720,#1721,#1722,#1723));
#1054=AXIS2_PLACEMENT_3D('',#1724,#1725,#1726);
#1055=SURFACE_SIDE_STYLE('',(#1727));
#1056=EDGE_LOOP('',(#1728,#1729,#1730,#1731));
#1057=AXIS2_PLACEMENT_3D('',#1732,#1733,#1734);
#1058=SURFACE_SIDE_STYLE('',(#1735));
#1059=EDGE_LOOP('',(#1736,#1737));
#1060=EDGE_LOOP('',(#1738,#1739));
#1061=AXIS2_PLACEMENT_3D('',#1740,#1741,#1742);
#1062=SURFACE_SIDE_STYLE('',(#1743));
#1063=EDGE_LOOP('',(#1744,#1745));
#1064=AXIS2_PLACEMENT_3D('',#1746,#1747,#1748);
#1065=SURFACE_SIDE_STYLE('',(#1749));
#1066=EDGE_LOOP('',(#1750,#1751,#1752,#1753));
#1067=AXIS2_PLACEMENT_3D('',#1754,#1755,#1756);
#1068=SURFACE_SIDE_STYLE('',(#1757));
#1069=EDGE_LOOP('',(#1758,#1759,#1760,#1761));
#1070=AXIS2_PLACEMENT_3D('',#1762,#1763,#1764);
#1071=SURFACE_SIDE_STYLE('',(#1765));
#1072=EDGE_LOOP('',(#1766,#1767));
#1073=EDGE_LOOP('',(#1768,#1769));
#1074=AXIS2_PLACEMENT_3D('',#1770,#1771,#1772);
#1075=SURFACE_SIDE_STYLE('',(#1773));
#1076=EDGE_LOOP('',(#1774,#1775));
#1077=AXIS2_PLACEMENT_3D('',#1776,#1777,#1778);
#1078=SURFACE_SIDE_STYLE('',(#1779));
#1079=EDGE_LOOP('',(#1780,#1781,#1782,#1783));
#1080=AXIS2_PLACEMENT_3D('',#1784,#1785,#1786);
#1081=SURFACE_SIDE_STYLE('',(#1787));
#1082=EDGE_LOOP('',(#1788,#1789,#1790,#1791));
#1083=AXIS2_PLACEMENT_3D('',#1792,#1793,#1794);
#1084=SURFACE_SIDE_STYLE('',(#1795));
#1085=EDGE_LOOP('',(#1796,#1797));
#1086=EDGE_LOOP('',(#1798,#1799));
#1087=AXIS2_PLACEMENT_3D('',#1800,#1801,#1802);
#1088=SURFACE_SIDE_STYLE('',(#1803));
#1089=EDGE_LOOP('',(#1804,#1805));
#1090=AXIS2_PLACEMENT_3D('',#1806,#1807,#1808);
#1091=SURFACE_SIDE_STYLE('',(#1809));
#1092=EDGE_LOOP('',(#1810,#1811,#1812,#1813));
#1093=AXIS2_PLACEMENT_3D('',#1814,#1815,#1816);
#1094=SURFACE_SIDE_STYLE('',(#1817));
#1095=EDGE_LOOP('',(#1818,#1819,#1820,#1821));
#1096=AXIS2_PLACEMENT_3D('',#1822,#1823,#1824);
#1097=SURFACE_SIDE_STYLE('',(#1825));
#1098=EDGE_LOOP('',(#1826,#1827));
#1099=EDGE_LOOP('',(#1828,#1829));
#1100=AXIS2_PLACEMENT_3D('',#1830,#1831,#1832);
#1101=SURFACE_SIDE_STYLE('',(#1833));
#1102=EDGE_LOOP('',(#1834,#1835));
#1103=AXIS2_PLACEMENT_3D('',#1836,#1837,#1838);
#1104=SURFACE_SIDE_STYLE('',(#1839));
#1105=EDGE_LOOP('',(#1840,#1841,#1842,#1843));
#1106=AXIS2_PLACEMENT_3D('',#1844,#1845,#1846);
#1107=SURFACE_SIDE_STYLE('',(#1847));
#1108=EDGE_LOOP('',(#1848,#1849,#1850,#1851));
#1109=AXIS2_PLACEMENT_3D('',#1852,#1853,#1854);
#1110=SURFACE_SIDE_STYLE('',(#1855));
#1111=EDGE_LOOP('',(#1856,#1857));
#1112=EDGE_LOOP('',(#1858,#1859));
#1113=AXIS2_PLACEMENT_3D('',#1860,#1861,#1862);
#1114=SURFACE_SIDE_STYLE('',(#1863));
#1115=EDGE_LOOP('',(#1864,#1865));
#1116=AXIS2_PLACEMENT_3D('',#1866,#1867,#1868);
#1117=SURFACE_SIDE_STYLE('',(#1869));
#1118=EDGE_LOOP('',(#1870,#1871,#1872,#1873));
#1119=AXIS2_PLACEMENT_3D('',#1874,#1875,#1876);
#1120=SURFACE_SIDE_STYLE('',(#1877));
#1121=EDGE_LOOP('',(#1878,#1879,#1880,#1881));
#1122=AXIS2_PLACEMENT_3D('',#1882,#1883,#1884);
#1123=SURFACE_SIDE_STYLE('',(#1885));
#1124=EDGE_LOOP('',(#1886,#1887));
#1125=EDGE_LOOP('',(#1888,#1889));
#1126=AXIS2_PLACEMENT_3D('',#1890,#1891,#1892);
#1127=SURFACE_SIDE_STYLE('',(#1893));
#1128=EDGE_LOOP('',(#1894,#1895));
#1129=AXIS2_PLACEMENT_3D('',#1896,#1897,#1898);
#1130=SURFACE_SIDE_STYLE('',(#1899));
#1131=EDGE_LOOP('',(#1900,#1901,#1902,#1903));
#1132=AXIS2_PLACEMENT_3D('',#1904,#1905,#1906);
#1133=SURFACE_SIDE_STYLE('',(#1907));
#1134=EDGE_LOOP('',(#1908,#1909,#1910,#1911));
#1135=AXIS2_PLACEMENT_3D('',#1912,#1913,#1914);
#1136=SURFACE_SIDE_STYLE('',(#1915));
#1137=EDGE_LOOP('',(#1916,#1917));
#1138=EDGE_LOOP('',(#1918,#1919));
#1139=AXIS2_PLACEMENT_3D('',#1920,#1921,#1922);
#1140=SURFACE_SIDE_STYLE('',(#1923));
#1141=EDGE_LOOP('',(#1924,#1925));
#1142=AXIS2_PLACEMENT_3D('',#1926,#1927,#1928);
#1143=SURFACE_SIDE_STYLE('',(#1929));
#1144=EDGE_LOOP('',(#1930,#1931,#1932,#1933));
#1145=AXIS2_PLACEMENT_3D('',#1934,#1935,#1936);
#1146=SURFACE_SIDE_STYLE('',(#1937));
#1147=EDGE_LOOP('',(#1938,#1939,#1940,#1941));
#1148=AXIS2_PLACEMENT_3D('',#1942,#1943,#1944);
#1149=SURFACE_SIDE_STYLE('',(#1945));
#1150=EDGE_LOOP('',(#1946,#1947));
#1151=EDGE_LOOP('',(#1948,#1949));
#1152=AXIS2_PLACEMENT_3D('',#1950,#1951,#1952);
#1153=SURFACE_SIDE_STYLE('',(#1953));
#1154=EDGE_LOOP('',(#1954,#1955));
#1155=AXIS2_PLACEMENT_3D('',#1956,#1957,#1958);
#1156=SURFACE_SIDE_STYLE('',(#1959));
#1157=EDGE_LOOP('',(#1960,#1961,#1962,#1963));
#1158=AXIS2_PLACEMENT_3D('',#1964,#1965,#1966);
#1159=SURFACE_SIDE_STYLE('',(#1967));
#1160=EDGE_LOOP('',(#1968,#1969,#1970,#1971));
#1161=AXIS2_PLACEMENT_3D('',#1972,#1973,#1974);
#1162=SURFACE_SIDE_STYLE('',(#1975));
#1163=EDGE_LOOP('',(#1976,#1977));
#1164=EDGE_LOOP('',(#1978,#1979));
#1165=AXIS2_PLACEMENT_3D('',#1980,#1981,#1982);
#1166=SURFACE_SIDE_STYLE('',(#1983));
#1167=EDGE_LOOP('',(#1984,#1985));
#1168=AXIS2_PLACEMENT_3D('',#1986,#1987,#1988);
#1169=SURFACE_SIDE_STYLE('',(#1989));
#1170=EDGE_LOOP('',(#1990,#1991,#1992,#1993,#1994,#1995));
#1171=AXIS2_PLACEMENT_3D('',#1996,#1997,#1998);
#1172=SURFACE_SIDE_STYLE('',(#1999));
#1173=EDGE_LOOP('',(#2000,#2001,#2002,#2003));
#1174=AXIS2_PLACEMENT_3D('',#2004,#2005,#2006);
#1175=SURFACE_SIDE_STYLE('',(#2007));
#1176=EDGE_LOOP('',(#2008,#2009,#2010,#2011));
#1177=AXIS2_PLACEMENT_3D('',#2012,#2013,#2014);
#1178=SURFACE_SIDE_STYLE('',(#2015));
#1179=EDGE_LOOP('',(#2016,#2017,#2018,#2019));
#1180=AXIS2_PLACEMENT_3D('',#2020,#2021,#2022);
#1181=SURFACE_SIDE_STYLE('',(#2023));
#1182=EDGE_LOOP('',(#2024,#2025,#2026,#2027));
#1183=AXIS2_PLACEMENT_3D('',#2028,#2029,#2030);
#1184=SURFACE_SIDE_STYLE('',(#2031));
#1185=EDGE_LOOP('',(#2032,#2033,#2034,#2035));
#1186=AXIS2_PLACEMENT_3D('',#2036,#2037,#2038);
#1187=SURFACE_SIDE_STYLE('',(#2039));
#1188=EDGE_LOOP('',(#2040,#2041,#2042,#2043));
#1189=AXIS2_PLACEMENT_3D('',#2044,#2045,#2046);
#1190=SURFACE_SIDE_STYLE('',(#2047));
#1191=EDGE_LOOP('',(#2048,#2049,#2050,#2051,#2052,#2053));
#1192=AXIS2_PLACEMENT_3D('',#2054,#2055,#2056);
#1193=SURFACE_SIDE_STYLE('',(#2057));
#1194=EDGE_LOOP('',(#2058,#2059,#2060,#2061,#2062,#2063));
#1195=AXIS2_PLACEMENT_3D('',#2064,#2065,#2066);
#1196=SURFACE_SIDE_STYLE('',(#2067));
#1197=EDGE_LOOP('',(#2068,#2069,#2070,#2071,#2072,#2073));
#1198=AXIS2_PLACEMENT_3D('',#2074,#2075,#2076);
#1199=SURFACE_SIDE_STYLE('',(#2077));
#1200=EDGE_LOOP('',(#2078,#2079,#2080,#2081));
#1201=AXIS2_PLACEMENT_3D('',#2082,#2083,#2084);
#1202=SURFACE_SIDE_STYLE('',(#2085));
#1203=EDGE_LOOP('',(#2086,#2087,#2088,#2089));
#1204=AXIS2_PLACEMENT_3D('',#2090,#2091,#2092);
#1205=SURFACE_SIDE_STYLE('',(#2093));
#1206=EDGE_LOOP('',(#2094,#2095,#2096,#2097));
#1207=AXIS2_PLACEMENT_3D('',#2098,#2099,#2100);
#1208=SURFACE_SIDE_STYLE('',(#2101));
#1209=EDGE_LOOP('',(#2102,#2103));
#1210=EDGE_LOOP('',(#2104,#2105));
#1211=EDGE_LOOP('',(#2106,#2107));
#1212=EDGE_LOOP('',(#2108,#2109));
#1213=EDGE_LOOP('',(#2110,#2111));
#1214=EDGE_LOOP('',(#2112,#2113));
#1215=EDGE_LOOP('',(#2114,#2115));
#1216=EDGE_LOOP('',(#2116,#2117));
#1217=EDGE_LOOP('',(#2118,#2119));
#1218=EDGE_LOOP('',(#2120,#2121,#2122,#2123));
#1219=AXIS2_PLACEMENT_3D('',#2124,#2125,#2126);
#1220=SURFACE_SIDE_STYLE('',(#2127));
#1221=EDGE_LOOP('',(#2128,#2129,#2130,#2131));
#1222=AXIS2_PLACEMENT_3D('',#2132,#2133,#2134);
#1223=SURFACE_SIDE_STYLE('',(#2135));
#1224=EDGE_LOOP('',(#2136,#2137,#2138,#2139));
#1225=AXIS2_PLACEMENT_3D('',#2140,#2141,#2142);
#1226=SURFACE_SIDE_STYLE('',(#2143));
#1227=EDGE_LOOP('',(#2144,#2145,#2146,#2147));
#1228=AXIS2_PLACEMENT_3D('',#2148,#2149,#2150);
#1229=SURFACE_SIDE_STYLE('',(#2151));
#1230=EDGE_LOOP('',(#2152,#2153));
#1231=AXIS2_PLACEMENT_3D('',#2154,#2155,#2156);
#1232=SURFACE_SIDE_STYLE('',(#2157));
#1233=EDGE_LOOP('',(#2158,#2159,#2160,#2161));
#1234=AXIS2_PLACEMENT_3D('',#2162,#2163,#2164);
#1235=SURFACE_SIDE_STYLE('',(#2165));
#1236=EDGE_LOOP('',(#2166,#2167,#2168,#2169));
#1237=AXIS2_PLACEMENT_3D('',#2170,#2171,#2172);
#1238=SURFACE_SIDE_STYLE('',(#2173));
#1239=EDGE_LOOP('',(#2174,#2175));
#1240=AXIS2_PLACEMENT_3D('',#2176,#2177,#2178);
#1241=SURFACE_SIDE_STYLE('',(#2179));
#1242=EDGE_LOOP('',(#2180,#2181,#2182,#2183));
#1243=AXIS2_PLACEMENT_3D('',#2184,#2185,#2186);
#1244=SURFACE_SIDE_STYLE('',(#2187));
#1245=EDGE_LOOP('',(#2188,#2189,#2190,#2191));
#1246=AXIS2_PLACEMENT_3D('',#2192,#2193,#2194);
#1247=SURFACE_SIDE_STYLE('',(#2195));
#1248=EDGE_LOOP('',(#2196,#2197));
#1249=AXIS2_PLACEMENT_3D('',#2198,#2199,#2200);
#1250=SURFACE_SIDE_STYLE('',(#2201));
#1251=EDGE_LOOP('',(#2202,#2203,#2204,#2205));
#1252=AXIS2_PLACEMENT_3D('',#2206,#2207,#2208);
#1253=SURFACE_SIDE_STYLE('',(#2209));
#1254=EDGE_LOOP('',(#2210,#2211,#2212,#2213));
#1255=AXIS2_PLACEMENT_3D('',#2214,#2215,#2216);
#1256=SURFACE_SIDE_STYLE('',(#2217));
#1257=EDGE_LOOP('',(#2218,#2219));
#1258=AXIS2_PLACEMENT_3D('',#2220,#2221,#2222);
#1259=SURFACE_SIDE_STYLE('',(#2223));
#1260=EDGE_LOOP('',(#2224,#2225,#2226,#2227));
#1261=AXIS2_PLACEMENT_3D('',#2228,#2229,#2230);
#1262=SURFACE_SIDE_STYLE('',(#2231));
#1263=EDGE_LOOP('',(#2232,#2233,#2234,#2235));
#1264=AXIS2_PLACEMENT_3D('',#2236,#2237,#2238);
#1265=SURFACE_SIDE_STYLE('',(#2239));
#1266=EDGE_LOOP('',(#2240,#2241));
#1267=AXIS2_PLACEMENT_3D('',#2242,#2243,#2244);
#1268=SURFACE_SIDE_STYLE('',(#2245));
#1269=EDGE_LOOP('',(#2246,#2247,#2248,#2249));
#1270=AXIS2_PLACEMENT_3D('',#2250,#2251,#2252);
#1271=SURFACE_SIDE_STYLE('',(#2253));
#1272=EDGE_LOOP('',(#2254,#2255,#2256,#2257));
#1273=AXIS2_PLACEMENT_3D('',#2258,#2259,#2260);
#1274=SURFACE_SIDE_STYLE('',(#2261));
#1275=EDGE_LOOP('',(#2262,#2263));
#1276=AXIS2_PLACEMENT_3D('',#2264,#2265,#2266);
#1277=SURFACE_SIDE_STYLE('',(#2267));
#1278=EDGE_LOOP('',(#2268,#2269,#2270,#2271));
#1279=AXIS2_PLACEMENT_3D('',#2272,#2273,#2274);
#1280=SURFACE_SIDE_STYLE('',(#2275));
#1281=EDGE_LOOP('',(#2276,#2277,#2278,#2279));
#1282=AXIS2_PLACEMENT_3D('',#2280,#2281,#2282);
#1283=SURFACE_SIDE_STYLE('',(#2283));
#1284=EDGE_LOOP('',(#2284,#2285));
#1285=AXIS2_PLACEMENT_3D('',#2286,#2287,#2288);
#1286=SURFACE_SIDE_STYLE('',(#2289));
#1287=EDGE_LOOP('',(#2290,#2291,#2292,#2293));
#1288=AXIS2_PLACEMENT_3D('',#2294,#2295,#2296);
#1289=SURFACE_SIDE_STYLE('',(#2297));
#1290=EDGE_LOOP('',(#2298,#2299,#2300,#2301));
#1291=AXIS2_PLACEMENT_3D('',#2302,#2303,#2304);
#1292=SURFACE_SIDE_STYLE('',(#2305));
#1293=EDGE_LOOP('',(#2306,#2307));
#1294=AXIS2_PLACEMENT_3D('',#2308,#2309,#2310);
#1295=SURFACE_SIDE_STYLE('',(#2311));
#1296=EDGE_LOOP('',(#2312,#2313,#2314,#2315));
#1297=AXIS2_PLACEMENT_3D('',#2316,#2317,#2318);
#1298=SURFACE_SIDE_STYLE('',(#2319));
#1299=EDGE_LOOP('',(#2320,#2321,#2322,#2323));
#1300=AXIS2_PLACEMENT_3D('',#2324,#2325,#2326);
#1301=SURFACE_SIDE_STYLE('',(#2327));
#1302=EDGE_LOOP('',(#2328,#2329));
#1303=AXIS2_PLACEMENT_3D('',#2330,#2331,#2332);
#1304=SURFACE_SIDE_STYLE('',(#2333));
#1305=EDGE_LOOP('',(#2334,#2335,#2336,#2337));
#1306=AXIS2_PLACEMENT_3D('',#2338,#2339,#2340);
#1307=SURFACE_SIDE_STYLE('',(#2341));
#1308=EDGE_LOOP('',(#2342,#2343,#2344,#2345));
#1309=AXIS2_PLACEMENT_3D('',#2346,#2347,#2348);
#1310=SURFACE_SIDE_STYLE('',(#2349));
#1311=EDGE_LOOP('',(#2350,#2351,#2352,#2353));
#1312=AXIS2_PLACEMENT_3D('',#2354,#2355,#2356);
#1313=SURFACE_SIDE_STYLE('',(#2357));
#1314=EDGE_LOOP('',(#2358,#2359,#2360,#2361));
#1315=AXIS2_PLACEMENT_3D('',#2362,#2363,#2364);
#1316=SURFACE_SIDE_STYLE('',(#2365));
#1317=EDGE_LOOP('',(#2366,#2367,#2368,#2369));
#1318=AXIS2_PLACEMENT_3D('',#2370,#2371,#2372);
#1319=SURFACE_SIDE_STYLE('',(#2373));
#1320=EDGE_LOOP('',(#2374,#2375,#2376,#2377));
#1321=AXIS2_PLACEMENT_3D('',#2378,#2379,#2380);
#1322=SURFACE_SIDE_STYLE('',(#2381));
#1323=EDGE_LOOP('',(#2382,#2383,#2384,#2385));
#1324=AXIS2_PLACEMENT_3D('',#2386,#2387,#2388);
#1325=SURFACE_SIDE_STYLE('',(#2389));
#1326=EDGE_LOOP('',(#2390,#2391,#2392,#2393));
#1327=AXIS2_PLACEMENT_3D('',#2394,#2395,#2396);
#1328=SURFACE_SIDE_STYLE('',(#2397));
#1329=EDGE_LOOP('',(#2398,#2399,#2400,#2401));
#1330=AXIS2_PLACEMENT_3D('',#2402,#2403,#2404);
#1331=SURFACE_SIDE_STYLE('',(#2405));
#1332=EDGE_LOOP('',(#2406,#2407,#2408,#2409));
#1333=AXIS2_PLACEMENT_3D('',#2410,#2411,#2412);
#1334=SURFACE_SIDE_STYLE('',(#2413));
#1335=EDGE_LOOP('',(#2414,#2415));
#1336=EDGE_LOOP('',(#2416,#2417));
#1337=EDGE_LOOP('',(#2418,#2419));
#1338=EDGE_LOOP('',(#2420,#2421));
#1339=EDGE_LOOP('',(#2422,#2423));
#1340=EDGE_LOOP('',(#2424,#2425));
#1341=EDGE_LOOP('',(#2426,#2427));
#1342=EDGE_LOOP('',(#2428,#2429));
#1343=EDGE_LOOP('',(#2430,#2431));
#1344=EDGE_LOOP('',(#2432,#2433,#2434,#2435,#2436,#2437,#2438,#2439,#2440,#2441));
#1345=AXIS2_PLACEMENT_3D('',#2442,#2443,#2444);
#1346=SURFACE_SIDE_STYLE('',(#2445));
#1347=EDGE_LOOP('',(#2446,#2447,#2448,#2449));
#1348=AXIS2_PLACEMENT_3D('',#2450,#2451,#2452);
#1349=SURFACE_SIDE_STYLE('',(#2453));
#1350=EDGE_LOOP('',(#2454,#2455,#2456,#2457));
#1351=AXIS2_PLACEMENT_3D('',#2458,#2459,#2460);
#1352=SURFACE_SIDE_STYLE('',(#2461));
#1353=EDGE_LOOP('',(#2462,#2463,#2464,#2465));
#1354=AXIS2_PLACEMENT_3D('',#2466,#2467,#2468);
#1355=SURFACE_SIDE_STYLE('',(#2469));
#1356=EDGE_LOOP('',(#2470,#2471,#2472,#2473));
#1357=AXIS2_PLACEMENT_3D('',#2474,#2475,#2476);
#1358=SURFACE_SIDE_STYLE('',(#2477));
#1359=EDGE_LOOP('',(#2478,#2479,#2480,#2481));
#1360=AXIS2_PLACEMENT_3D('',#2482,#2483,#2484);
#1361=SURFACE_SIDE_STYLE('',(#2485));
#1362=EDGE_LOOP('',(#2486,#2487,#2488,#2489));
#1363=AXIS2_PLACEMENT_3D('',#2490,#2491,#2492);
#1364=SURFACE_SIDE_STYLE('',(#2493));
#1365=EDGE_LOOP('',(#2494,#2495,#2496,#2497));
#1366=AXIS2_PLACEMENT_3D('',#2498,#2499,#2500);
#1367=SURFACE_SIDE_STYLE('',(#2501));
#1368=EDGE_LOOP('',(#2502,#2503,#2504,#2505));
#1369=AXIS2_PLACEMENT_3D('',#2506,#2507,#2508);
#1370=SURFACE_SIDE_STYLE('',(#2509));
#1371=EDGE_LOOP('',(#2510,#2511));
#1372=EDGE_LOOP('',(#2512,#2513));
#1373=EDGE_LOOP('',(#2514,#2515,#2516,#2517,#2518,#2519,#2520,#2521,#2522,#2523));
#1374=EDGE_LOOP('',(#2524,#2525,#2526,#2527,#2528,#2529,#2530,#2531));
#1375=AXIS2_PLACEMENT_3D('',#2532,#2533,#2534);
#1376=SURFACE_SIDE_STYLE('',(#2535));
#1377=EDGE_LOOP('',(#2536,#2537));
#1378=EDGE_LOOP('',(#2538,#2539));
#1379=EDGE_LOOP('',(#2540,#2541,#2542,#2543));
#1380=EDGE_LOOP('',(#2544,#2545,#2546,#2547,#2548,#2549,#2550,#2551));
#1381=AXIS2_PLACEMENT_3D('',#2552,#2553,#2554);
#1383=SURFACE_STYLE_FILL_AREA(#2555);
#1384=ORIENTED_EDGE('',*,*,#2556,.F.);
#1385=ORIENTED_EDGE('',*,*,#2557,.F.);
#1386=ORIENTED_EDGE('',*,*,#2558,.T.);
#1387=ORIENTED_EDGE('',*,*,#2559,.T.);
#1388=CARTESIAN_POINT('',(6.165,1.95,-0.7));
#1389=DIRECTION('',(0.0,0.0,1.0));
#1390=DIRECTION('',(1.0,0.0,0.0));
#1391=SURFACE_STYLE_FILL_AREA(#2560);
#1392=ORIENTED_EDGE('',*,*,#2561,.F.);
#1393=ORIENTED_EDGE('',*,*,#2562,.T.);
#1394=ORIENTED_EDGE('',*,*,#2563,.F.);
#1395=ORIENTED_EDGE('',*,*,#2564,.F.);
#1396=CARTESIAN_POINT('',(-6.165,1.95,-0.7));
#1397=DIRECTION('',(0.0,0.0,1.0));
#1398=DIRECTION('',(1.0,0.0,0.0));
#1399=SURFACE_STYLE_FILL_AREA(#2565);
#1400=ORIENTED_EDGE('',*,*,#2566,.F.);
#1401=ORIENTED_EDGE('',*,*,#2567,.F.);
#1402=ORIENTED_EDGE('',*,*,#2568,.F.);
#1403=ORIENTED_EDGE('',*,*,#2569,.F.);
#1404=CARTESIAN_POINT('',(-5.54,1.42,5.78));
#1405=DIRECTION('',(-0.0,6.12303176911189E-17,1.0));
#1406=DIRECTION('',(1.0,0.0,0.0));
#1407=SURFACE_STYLE_FILL_AREA(#2570);
#1408=ORIENTED_EDGE('',*,*,#2571,.F.);
#1409=ORIENTED_EDGE('',*,*,#2569,.T.);
#1410=ORIENTED_EDGE('',*,*,#2572,.F.);
#1411=ORIENTED_EDGE('',*,*,#2573,.F.);
#1412=CARTESIAN_POINT('',(-5.54,1.42,2.78));
#1413=DIRECTION('',(-0.0,6.12303176911189E-17,1.0));
#1414=DIRECTION('',(1.0,0.0,0.0));
#1415=SURFACE_STYLE_FILL_AREA(#2574);
#1416=ORIENTED_EDGE('',*,*,#2575,.F.);
#1417=ORIENTED_EDGE('',*,*,#2576,.F.);
#1418=ORIENTED_EDGE('',*,*,#2577,.F.);
#1419=ORIENTED_EDGE('',*,*,#2578,.F.);
#1420=CARTESIAN_POINT('',(-2.77,1.42,5.78));
#1421=DIRECTION('',(-0.0,6.12303176911189E-17,1.0));
#1422=DIRECTION('',(1.0,0.0,0.0));
#1423=SURFACE_STYLE_FILL_AREA(#2579);
#1424=ORIENTED_EDGE('',*,*,#2580,.F.);
#1425=ORIENTED_EDGE('',*,*,#2578,.T.);
#1426=ORIENTED_EDGE('',*,*,#2581,.F.);
#1427=ORIENTED_EDGE('',*,*,#2582,.F.);
#1428=CARTESIAN_POINT('',(-2.77,1.42,2.78));
#1429=DIRECTION('',(-0.0,6.12303176911189E-17,1.0));
#1430=DIRECTION('',(1.0,0.0,0.0));
#1431=SURFACE_STYLE_FILL_AREA(#2583);
#1432=ORIENTED_EDGE('',*,*,#2584,.F.);
#1433=ORIENTED_EDGE('',*,*,#2585,.F.);
#1434=ORIENTED_EDGE('',*,*,#2586,.F.);
#1435=ORIENTED_EDGE('',*,*,#2587,.F.);
#1436=CARTESIAN_POINT('',(0.0,1.42,5.78));
#1437=DIRECTION('',(-0.0,6.12303176911189E-17,1.0));
#1438=DIRECTION('',(1.0,0.0,0.0));
#1439=SURFACE_STYLE_FILL_AREA(#2588);
#1440=ORIENTED_EDGE('',*,*,#2589,.F.);
#1441=ORIENTED_EDGE('',*,*,#2587,.T.);
#1442=ORIENTED_EDGE('',*,*,#2590,.F.);
#1443=ORIENTED_EDGE('',*,*,#2591,.F.);
#1444=CARTESIAN_POINT('',(0.0,1.42,2.78));
#1445=DIRECTION('',(-0.0,6.12303176911189E-17,1.0));
#1446=DIRECTION('',(1.0,0.0,0.0));
#1447=SURFACE_STYLE_FILL_AREA(#2592);
#1448=ORIENTED_EDGE('',*,*,#2593,.F.);
#1449=ORIENTED_EDGE('',*,*,#2594,.F.);
#1450=ORIENTED_EDGE('',*,*,#2595,.F.);
#1451=ORIENTED_EDGE('',*,*,#2596,.F.);
#1452=CARTESIAN_POINT('',(2.77,1.42,5.78));
#1453=DIRECTION('',(-0.0,6.12303176911189E-17,1.0));
#1454=DIRECTION('',(1.0,0.0,0.0));
#1455=SURFACE_STYLE_FILL_AREA(#2597);
#1456=ORIENTED_EDGE('',*,*,#2598,.F.);
#1457=ORIENTED_EDGE('',*,*,#2596,.T.);
#1458=ORIENTED_EDGE('',*,*,#2599,.F.);
#1459=ORIENTED_EDGE('',*,*,#2600,.F.);
#1460=CARTESIAN_POINT('',(2.77,1.42,2.78));
#1461=DIRECTION('',(-0.0,6.12303176911189E-17,1.0));
#1462=DIRECTION('',(1.0,0.0,0.0));
#1463=SURFACE_STYLE_FILL_AREA(#2601);
#1464=ORIENTED_EDGE('',*,*,#2602,.F.);
#1465=ORIENTED_EDGE('',*,*,#2603,.F.);
#1466=ORIENTED_EDGE('',*,*,#2604,.F.);
#1467=ORIENTED_EDGE('',*,*,#2605,.F.);
#1468=CARTESIAN_POINT('',(5.54,1.42,5.78));
#1469=DIRECTION('',(-0.0,6.12303176911189E-17,1.0));
#1470=DIRECTION('',(1.0,0.0,0.0));
#1471=SURFACE_STYLE_FILL_AREA(#2606);
#1472=ORIENTED_EDGE('',*,*,#2607,.F.);
#1473=ORIENTED_EDGE('',*,*,#2605,.T.);
#1474=ORIENTED_EDGE('',*,*,#2608,.F.);
#1475=ORIENTED_EDGE('',*,*,#2609,.F.);
#1476=CARTESIAN_POINT('',(5.54,1.42,2.78));
#1477=DIRECTION('',(-0.0,6.12303176911189E-17,1.0));
#1478=DIRECTION('',(1.0,0.0,0.0));
#1479=SURFACE_STYLE_FILL_AREA(#2610);
#1480=ORIENTED_EDGE('',*,*,#2611,.F.);
#1481=ORIENTED_EDGE('',*,*,#2612,.F.);
#1482=ORIENTED_EDGE('',*,*,#2613,.F.);
#1483=ORIENTED_EDGE('',*,*,#2614,.F.);
#1484=CARTESIAN_POINT('',(-4.155,-1.42,5.78));
#1485=DIRECTION('',(-0.0,6.12303176911189E-17,1.0));
#1486=DIRECTION('',(1.0,0.0,0.0));
#1487=SURFACE_STYLE_FILL_AREA(#2615);
#1488=ORIENTED_EDGE('',*,*,#2616,.F.);
#1489=ORIENTED_EDGE('',*,*,#2614,.T.);
#1490=ORIENTED_EDGE('',*,*,#2617,.F.);
#1491=ORIENTED_EDGE('',*,*,#2618,.F.);
#1492=CARTESIAN_POINT('',(-4.155,-1.42,2.78));
#1493=DIRECTION('',(-0.0,6.12303176911189E-17,1.0));
#1494=DIRECTION('',(1.0,0.0,0.0));
#1495=SURFACE_STYLE_FILL_AREA(#2619);
#1496=ORIENTED_EDGE('',*,*,#2620,.F.);
#1497=ORIENTED_EDGE('',*,*,#2621,.F.);
#1498=ORIENTED_EDGE('',*,*,#2622,.F.);
#1499=ORIENTED_EDGE('',*,*,#2623,.F.);
#1500=CARTESIAN_POINT('',(-1.385,-1.42,5.78));
#1501=DIRECTION('',(-0.0,6.12303176911189E-17,1.0));
#1502=DIRECTION('',(1.0,0.0,0.0));
#1503=SURFACE_STYLE_FILL_AREA(#2624);
#1504=ORIENTED_EDGE('',*,*,#2625,.F.);
#1505=ORIENTED_EDGE('',*,*,#2623,.T.);
#1506=ORIENTED_EDGE('',*,*,#2626,.F.);
#1507=ORIENTED_EDGE('',*,*,#2627,.F.);
#1508=CARTESIAN_POINT('',(-1.385,-1.42,2.78));
#1509=DIRECTION('',(-0.0,6.12303176911189E-17,1.0));
#1510=DIRECTION('',(1.0,0.0,0.0));
#1511=SURFACE_STYLE_FILL_AREA(#2628);
#1512=ORIENTED_EDGE('',*,*,#2629,.F.);
#1513=ORIENTED_EDGE('',*,*,#2630,.F.);
#1514=ORIENTED_EDGE('',*,*,#2631,.F.);
#1515=ORIENTED_EDGE('',*,*,#2632,.F.);
#1516=CARTESIAN_POINT('',(1.385,-1.42,5.78));
#1517=DIRECTION('',(-0.0,6.12303176911189E-17,1.0));
#1518=DIRECTION('',(1.0,0.0,0.0));
#1519=SURFACE_STYLE_FILL_AREA(#2633);
#1520=ORIENTED_EDGE('',*,*,#2634,.F.);
#1521=ORIENTED_EDGE('',*,*,#2632,.T.);
#1522=ORIENTED_EDGE('',*,*,#2635,.F.);
#1523=ORIENTED_EDGE('',*,*,#2636,.F.);
#1524=CARTESIAN_POINT('',(1.385,-1.42,2.78));
#1525=DIRECTION('',(-0.0,6.12303176911189E-17,1.0));
#1526=DIRECTION('',(1.0,0.0,0.0));
#1527=SURFACE_STYLE_FILL_AREA(#2637);
#1528=ORIENTED_EDGE('',*,*,#2638,.F.);
#1529=ORIENTED_EDGE('',*,*,#2639,.F.);
#1530=ORIENTED_EDGE('',*,*,#2640,.F.);
#1531=ORIENTED_EDGE('',*,*,#2641,.F.);
#1532=CARTESIAN_POINT('',(4.155,-1.42,5.78));
#1533=DIRECTION('',(-0.0,6.12303176911189E-17,1.0));
#1534=DIRECTION('',(1.0,0.0,0.0));
#1535=SURFACE_STYLE_FILL_AREA(#2642);
#1536=ORIENTED_EDGE('',*,*,#2643,.F.);
#1537=ORIENTED_EDGE('',*,*,#2641,.T.);
#1538=ORIENTED_EDGE('',*,*,#2644,.F.);
#1539=ORIENTED_EDGE('',*,*,#2645,.F.);
#1540=CARTESIAN_POINT('',(4.155,-1.42,2.78));
#1541=DIRECTION('',(-0.0,6.12303176911189E-17,1.0));
#1542=DIRECTION('',(1.0,0.0,0.0));
#1543=SURFACE_STYLE_FILL_AREA(#2646);
#1544=ORIENTED_EDGE('',*,*,#2647,.F.);
#1545=ORIENTED_EDGE('',*,*,#2648,.T.);
#1546=ORIENTED_EDGE('',*,*,#2649,.F.);
#1547=ORIENTED_EDGE('',*,*,#2650,.F.);
#1548=CARTESIAN_POINT('',(-4.155,-1.42,-8.6));
#1549=DIRECTION('',(-0.0,6.12303176911189E-17,1.0));
#1550=DIRECTION('',(1.0,0.0,0.0));
#1551=SURFACE_STYLE_FILL_AREA(#2651);
#1552=ORIENTED_EDGE('',*,*,#2652,.F.);
#1553=ORIENTED_EDGE('',*,*,#2653,.T.);
#1554=ORIENTED_EDGE('',*,*,#2654,.F.);
#1555=ORIENTED_EDGE('',*,*,#2655,.F.);
#1556=CARTESIAN_POINT('',(-4.155,-1.42,-5.65580651881881));
#1557=DIRECTION('',(-0.0,6.12303176911189E-17,1.0));
#1558=DIRECTION('',(1.0,0.0,0.0));
#1559=SURFACE_STYLE_FILL_AREA(#2656);
#1560=ORIENTED_EDGE('',*,*,#2657,.F.);
#1561=ORIENTED_EDGE('',*,*,#2658,.T.);
#1562=ORIENTED_EDGE('',*,*,#2659,.F.);
#1563=ORIENTED_EDGE('',*,*,#2660,.F.);
#1564=CARTESIAN_POINT('',(-1.385,-1.42,-8.6));
#1565=DIRECTION('',(-0.0,6.12303176911189E-17,1.0));
#1566=DIRECTION('',(1.0,0.0,0.0));
#1567=SURFACE_STYLE_FILL_AREA(#2661);
#1568=ORIENTED_EDGE('',*,*,#2662,.F.);
#1569=ORIENTED_EDGE('',*,*,#2663,.T.);
#1570=ORIENTED_EDGE('',*,*,#2664,.F.);
#1571=ORIENTED_EDGE('',*,*,#2665,.F.);
#1572=CARTESIAN_POINT('',(-1.385,-1.42,-5.65580651881881));
#1573=DIRECTION('',(-0.0,6.12303176911189E-17,1.0));
#1574=DIRECTION('',(1.0,0.0,0.0));
#1575=SURFACE_STYLE_FILL_AREA(#2666);
#1576=ORIENTED_EDGE('',*,*,#2667,.F.);
#1577=ORIENTED_EDGE('',*,*,#2668,.T.);
#1578=ORIENTED_EDGE('',*,*,#2669,.F.);
#1579=ORIENTED_EDGE('',*,*,#2670,.F.);
#1580=CARTESIAN_POINT('',(1.385,-1.42,-8.6));
#1581=DIRECTION('',(-0.0,6.12303176911189E-17,1.0));
#1582=DIRECTION('',(1.0,0.0,0.0));
#1583=SURFACE_STYLE_FILL_AREA(#2671);
#1584=ORIENTED_EDGE('',*,*,#2672,.F.);
#1585=ORIENTED_EDGE('',*,*,#2673,.T.);
#1586=ORIENTED_EDGE('',*,*,#2674,.F.);
#1587=ORIENTED_EDGE('',*,*,#2675,.F.);
#1588=CARTESIAN_POINT('',(1.385,-1.42,-5.65580651881881));
#1589=DIRECTION('',(-0.0,6.12303176911189E-17,1.0));
#1590=DIRECTION('',(1.0,0.0,0.0));
#1591=SURFACE_STYLE_FILL_AREA(#2676);
#1592=ORIENTED_EDGE('',*,*,#2677,.F.);
#1593=ORIENTED_EDGE('',*,*,#2678,.T.);
#1594=ORIENTED_EDGE('',*,*,#2679,.F.);
#1595=ORIENTED_EDGE('',*,*,#2680,.F.);
#1596=CARTESIAN_POINT('',(4.155,-1.42,-8.6));
#1597=DIRECTION('',(-0.0,6.12303176911189E-17,1.0));
#1598=DIRECTION('',(1.0,0.0,0.0));
#1599=SURFACE_STYLE_FILL_AREA(#2681);
#1600=ORIENTED_EDGE('',*,*,#2682,.F.);
#1601=ORIENTED_EDGE('',*,*,#2683,.T.);
#1602=ORIENTED_EDGE('',*,*,#2684,.F.);
#1603=ORIENTED_EDGE('',*,*,#2685,.F.);
#1604=CARTESIAN_POINT('',(4.155,-1.42,-5.65580651881881));
#1605=DIRECTION('',(-0.0,6.12303176911189E-17,1.0));
#1606=DIRECTION('',(1.0,0.0,0.0));
#1607=SURFACE_STYLE_FILL_AREA(#2686);
#1608=ORIENTED_EDGE('',*,*,#2687,.F.);
#1609=ORIENTED_EDGE('',*,*,#2688,.T.);
#1610=ORIENTED_EDGE('',*,*,#2689,.F.);
#1611=ORIENTED_EDGE('',*,*,#2690,.F.);
#1612=CARTESIAN_POINT('',(-5.54,1.42,-8.6));
#1613=DIRECTION('',(-0.0,6.12303176911189E-17,1.0));
#1614=DIRECTION('',(1.0,0.0,0.0));
#1615=SURFACE_STYLE_FILL_AREA(#2691);
#1616=ORIENTED_EDGE('',*,*,#2692,.F.);
#1617=ORIENTED_EDGE('',*,*,#2693,.T.);
#1618=ORIENTED_EDGE('',*,*,#2694,.F.);
#1619=ORIENTED_EDGE('',*,*,#2695,.F.);
#1620=CARTESIAN_POINT('',(-5.54,1.42,-5.65580651881881));
#1621=DIRECTION('',(-0.0,6.12303176911189E-17,1.0));
#1622=DIRECTION('',(1.0,0.0,0.0));
#1623=SURFACE_STYLE_FILL_AREA(#2696);
#1624=ORIENTED_EDGE('',*,*,#2697,.F.);
#1625=ORIENTED_EDGE('',*,*,#2698,.T.);
#1626=ORIENTED_EDGE('',*,*,#2699,.F.);
#1627=ORIENTED_EDGE('',*,*,#2700,.F.);
#1628=CARTESIAN_POINT('',(-2.77,1.42,-8.6));
#1629=DIRECTION('',(-0.0,6.12303176911189E-17,1.0));
#1630=DIRECTION('',(1.0,0.0,0.0));
#1631=SURFACE_STYLE_FILL_AREA(#2701);
#1632=ORIENTED_EDGE('',*,*,#2702,.F.);
#1633=ORIENTED_EDGE('',*,*,#2703,.T.);
#1634=ORIENTED_EDGE('',*,*,#2704,.F.);
#1635=ORIENTED_EDGE('',*,*,#2705,.F.);
#1636=CARTESIAN_POINT('',(-2.77,1.42,-5.65580651881881));
#1637=DIRECTION('',(-0.0,6.12303176911189E-17,1.0));
#1638=DIRECTION('',(1.0,0.0,0.0));
#1639=SURFACE_STYLE_FILL_AREA(#2706);
#1640=ORIENTED_EDGE('',*,*,#2707,.F.);
#1641=ORIENTED_EDGE('',*,*,#2708,.T.);
#1642=ORIENTED_EDGE('',*,*,#2709,.F.);
#1643=ORIENTED_EDGE('',*,*,#2710,.F.);
#1644=CARTESIAN_POINT('',(0.0,1.42,-8.6));
#1645=DIRECTION('',(-0.0,6.12303176911189E-17,1.0));
#1646=DIRECTION('',(1.0,0.0,0.0));
#1647=SURFACE_STYLE_FILL_AREA(#2711);
#1648=ORIENTED_EDGE('',*,*,#2712,.F.);
#1649=ORIENTED_EDGE('',*,*,#2713,.T.);
#1650=ORIENTED_EDGE('',*,*,#2714,.F.);
#1651=ORIENTED_EDGE('',*,*,#2715,.F.);
#1652=CARTESIAN_POINT('',(0.0,1.42,-5.65580651881881));
#1653=DIRECTION('',(-0.0,6.12303176911189E-17,1.0));
#1654=DIRECTION('',(1.0,0.0,0.0));
#1655=SURFACE_STYLE_FILL_AREA(#2716);
#1656=ORIENTED_EDGE('',*,*,#2717,.F.);
#1657=ORIENTED_EDGE('',*,*,#2718,.T.);
#1658=ORIENTED_EDGE('',*,*,#2719,.F.);
#1659=ORIENTED_EDGE('',*,*,#2720,.F.);
#1660=CARTESIAN_POINT('',(2.77,1.42,-8.6));
#1661=DIRECTION('',(-0.0,6.12303176911189E-17,1.0));
#1662=DIRECTION('',(1.0,0.0,0.0));
#1663=SURFACE_STYLE_FILL_AREA(#2721);
#1664=ORIENTED_EDGE('',*,*,#2722,.F.);
#1665=ORIENTED_EDGE('',*,*,#2723,.T.);
#1666=ORIENTED_EDGE('',*,*,#2724,.F.);
#1667=ORIENTED_EDGE('',*,*,#2725,.F.);
#1668=CARTESIAN_POINT('',(2.77,1.42,-5.65580651881881));
#1669=DIRECTION('',(-0.0,6.12303176911189E-17,1.0));
#1670=DIRECTION('',(1.0,0.0,0.0));
#1671=SURFACE_STYLE_FILL_AREA(#2726);
#1672=ORIENTED_EDGE('',*,*,#2727,.F.);
#1673=ORIENTED_EDGE('',*,*,#2728,.T.);
#1674=ORIENTED_EDGE('',*,*,#2729,.F.);
#1675=ORIENTED_EDGE('',*,*,#2730,.F.);
#1676=CARTESIAN_POINT('',(5.54,1.42,-8.6));
#1677=DIRECTION('',(-0.0,6.12303176911189E-17,1.0));
#1678=DIRECTION('',(1.0,0.0,0.0));
#1679=SURFACE_STYLE_FILL_AREA(#2731);
#1680=ORIENTED_EDGE('',*,*,#2732,.F.);
#1681=ORIENTED_EDGE('',*,*,#2733,.T.);
#1682=ORIENTED_EDGE('',*,*,#2734,.F.);
#1683=ORIENTED_EDGE('',*,*,#2735,.F.);
#1684=CARTESIAN_POINT('',(5.54,1.42,-5.65580651881881));
#1685=DIRECTION('',(-0.0,6.12303176911189E-17,1.0));
#1686=DIRECTION('',(1.0,0.0,0.0));
#1687=SURFACE_STYLE_FILL_AREA(#2736);
#1688=ORIENTED_EDGE('',*,*,#2737,.F.);
#1689=ORIENTED_EDGE('',*,*,#2738,.F.);
#1690=ORIENTED_EDGE('',*,*,#2739,.F.);
#1691=ORIENTED_EDGE('',*,*,#2740,.F.);
#1692=CARTESIAN_POINT('',(-12.495,0.0,-0.8));
#1693=DIRECTION('',(6.12303176911189E-17,0.0,-1.0));
#1694=DIRECTION('',(0.0,1.0,0.0));
#1695=SURFACE_STYLE_FILL_AREA(#2741);
#1696=ORIENTED_EDGE('',*,*,#2742,.F.);
#1697=ORIENTED_EDGE('',*,*,#2743,.F.);
#1698=ORIENTED_EDGE('',*,*,#2744,.F.);
#1699=ORIENTED_EDGE('',*,*,#2745,.F.);
#1700=CARTESIAN_POINT('',(12.495,0.0,-0.8));
#1701=DIRECTION('',(6.12303176911189E-17,0.0,-1.0));
#1702=DIRECTION('',(0.0,1.0,0.0));
#1703=SURFACE_STYLE_FILL_AREA(#2746);
#1704=ORIENTED_EDGE('',*,*,#2742,.T.);
#1705=ORIENTED_EDGE('',*,*,#2747,.F.);
#1706=ORIENTED_EDGE('',*,*,#2744,.T.);
#1707=ORIENTED_EDGE('',*,*,#2748,.F.);
#1708=CARTESIAN_POINT('',(12.495,0.0,-0.8));
#1709=DIRECTION('',(6.12303176911189E-17,0.0,-1.0));
#1710=DIRECTION('',(0.0,1.0,0.0));
#1711=SURFACE_STYLE_FILL_AREA(#2749);
#1712=ORIENTED_EDGE('',*,*,#2737,.T.);
#1713=ORIENTED_EDGE('',*,*,#2750,.F.);
#1714=ORIENTED_EDGE('',*,*,#2739,.T.);
#1715=ORIENTED_EDGE('',*,*,#2751,.F.);
#1716=CARTESIAN_POINT('',(-12.495,0.0,-0.8));
#1717=DIRECTION('',(6.12303176911189E-17,0.0,-1.0));
#1718=DIRECTION('',(0.0,1.0,0.0));
#1719=SURFACE_STYLE_FILL_AREA(#2752);
#1720=ORIENTED_EDGE('',*,*,#2732,.T.);
#1721=ORIENTED_EDGE('',*,*,#2753,.F.);
#1722=ORIENTED_EDGE('',*,*,#2734,.T.);
#1723=ORIENTED_EDGE('',*,*,#2754,.T.);
#1724=CARTESIAN_POINT('',(5.54,1.42,-5.65580651881881));
#1725=DIRECTION('',(-0.0,6.12303176911189E-17,1.0));
#1726=DIRECTION('',(1.0,0.0,0.0));
#1727=SURFACE_STYLE_FILL_AREA(#2755);
#1728=ORIENTED_EDGE('',*,*,#2727,.T.);
#1729=ORIENTED_EDGE('',*,*,#2756,.F.);
#1730=ORIENTED_EDGE('',*,*,#2729,.T.);
#1731=ORIENTED_EDGE('',*,*,#2757,.T.);
#1732=CARTESIAN_POINT('',(5.54,1.42,-8.6));
#1733=DIRECTION('',(-0.0,6.12303176911189E-17,1.0));
#1734=DIRECTION('',(1.0,0.0,0.0));
#1735=SURFACE_STYLE_FILL_AREA(#2758);
#1736=ORIENTED_EDGE('',*,*,#2733,.F.);
#1737=ORIENTED_EDGE('',*,*,#2754,.F.);
#1738=ORIENTED_EDGE('',*,*,#2730,.T.);
#1739=ORIENTED_EDGE('',*,*,#2756,.T.);
#1740=CARTESIAN_POINT('',(6.08750000000035,1.42,-6.29999999999999));
#1741=DIRECTION('',(-0.0,-6.12303176911189E-17,-1.0));
#1742=DIRECTION('',(-1.0,0.0,0.0));
#1743=SURFACE_STYLE_FILL_AREA(#2759);
#1744=ORIENTED_EDGE('',*,*,#2728,.F.);
#1745=ORIENTED_EDGE('',*,*,#2757,.F.);
#1746=CARTESIAN_POINT('',(5.70250000000014,1.42,-10.9));
#1747=DIRECTION('',(-0.0,-6.12303176911189E-17,-1.0));
#1748=DIRECTION('',(-1.0,0.0,0.0));
#1749=SURFACE_STYLE_FILL_AREA(#2760);
#1750=ORIENTED_EDGE('',*,*,#2722,.T.);
#1751=ORIENTED_EDGE('',*,*,#2761,.F.);
#1752=ORIENTED_EDGE('',*,*,#2724,.T.);
#1753=ORIENTED_EDGE('',*,*,#2762,.T.);
#1754=CARTESIAN_POINT('',(2.77,1.42,-5.65580651881881));
#1755=DIRECTION('',(-0.0,6.12303176911189E-17,1.0));
#1756=DIRECTION('',(1.0,0.0,0.0));
#1757=SURFACE_STYLE_FILL_AREA(#2763);
#1758=ORIENTED_EDGE('',*,*,#2717,.T.);
#1759=ORIENTED_EDGE('',*,*,#2764,.F.);
#1760=ORIENTED_EDGE('',*,*,#2719,.T.);
#1761=ORIENTED_EDGE('',*,*,#2765,.T.);
#1762=CARTESIAN_POINT('',(2.77,1.42,-8.6));
#1763=DIRECTION('',(-0.0,6.12303176911189E-17,1.0));
#1764=DIRECTION('',(1.0,0.0,0.0));
#1765=SURFACE_STYLE_FILL_AREA(#2766);
#1766=ORIENTED_EDGE('',*,*,#2723,.F.);
#1767=ORIENTED_EDGE('',*,*,#2762,.F.);
#1768=ORIENTED_EDGE('',*,*,#2720,.T.);
#1769=ORIENTED_EDGE('',*,*,#2764,.T.);
#1770=CARTESIAN_POINT('',(3.31750000000036,1.42,-6.29999999999999));
#1771=DIRECTION('',(-0.0,-6.12303176911189E-17,-1.0));
#1772=DIRECTION('',(-1.0,0.0,0.0));
#1773=SURFACE_STYLE_FILL_AREA(#2767);
#1774=ORIENTED_EDGE('',*,*,#2718,.F.);
#1775=ORIENTED_EDGE('',*,*,#2765,.F.);
#1776=CARTESIAN_POINT('',(2.93250000000014,1.42,-10.9));
#1777=DIRECTION('',(-0.0,-6.12303176911189E-17,-1.0));
#1778=DIRECTION('',(-1.0,0.0,0.0));
#1779=SURFACE_STYLE_FILL_AREA(#2768);
#1780=ORIENTED_EDGE('',*,*,#2712,.T.);
#1781=ORIENTED_EDGE('',*,*,#2769,.F.);
#1782=ORIENTED_EDGE('',*,*,#2714,.T.);
#1783=ORIENTED_EDGE('',*,*,#2770,.T.);
#1784=CARTESIAN_POINT('',(0.0,1.42,-5.65580651881881));
#1785=DIRECTION('',(-0.0,6.12303176911189E-17,1.0));
#1786=DIRECTION('',(1.0,0.0,0.0));
#1787=SURFACE_STYLE_FILL_AREA(#2771);
#1788=ORIENTED_EDGE('',*,*,#2707,.T.);
#1789=ORIENTED_EDGE('',*,*,#2772,.F.);
#1790=ORIENTED_EDGE('',*,*,#2709,.T.);
#1791=ORIENTED_EDGE('',*,*,#2773,.T.);
#1792=CARTESIAN_POINT('',(0.0,1.42,-8.6));
#1793=DIRECTION('',(-0.0,6.12303176911189E-17,1.0));
#1794=DIRECTION('',(1.0,0.0,0.0));
#1795=SURFACE_STYLE_FILL_AREA(#2774);
#1796=ORIENTED_EDGE('',*,*,#2713,.F.);
#1797=ORIENTED_EDGE('',*,*,#2770,.F.);
#1798=ORIENTED_EDGE('',*,*,#2710,.T.);
#1799=ORIENTED_EDGE('',*,*,#2772,.T.);
#1800=CARTESIAN_POINT('',(0.547500000000355,1.42,-6.29999999999999));
#1801=DIRECTION('',(-0.0,-6.12303176911189E-17,-1.0));
#1802=DIRECTION('',(-1.0,0.0,0.0));
#1803=SURFACE_STYLE_FILL_AREA(#2775);
#1804=ORIENTED_EDGE('',*,*,#2708,.F.);
#1805=ORIENTED_EDGE('',*,*,#2773,.F.);
#1806=CARTESIAN_POINT('',(0.162500000000136,1.42,-10.9));
#1807=DIRECTION('',(-0.0,-6.12303176911189E-17,-1.0));
#1808=DIRECTION('',(-1.0,0.0,0.0));
#1809=SURFACE_STYLE_FILL_AREA(#2776);
#1810=ORIENTED_EDGE('',*,*,#2702,.T.);
#1811=ORIENTED_EDGE('',*,*,#2777,.F.);
#1812=ORIENTED_EDGE('',*,*,#2704,.T.);
#1813=ORIENTED_EDGE('',*,*,#2778,.T.);
#1814=CARTESIAN_POINT('',(-2.77,1.42,-5.65580651881881));
#1815=DIRECTION('',(-0.0,6.12303176911189E-17,1.0));
#1816=DIRECTION('',(1.0,0.0,0.0));
#1817=SURFACE_STYLE_FILL_AREA(#2779);
#1818=ORIENTED_EDGE('',*,*,#2697,.T.);
#1819=ORIENTED_EDGE('',*,*,#2780,.F.);
#1820=ORIENTED_EDGE('',*,*,#2699,.T.);
#1821=ORIENTED_EDGE('',*,*,#2781,.T.);
#1822=CARTESIAN_POINT('',(-2.77,1.42,-8.6));
#1823=DIRECTION('',(-0.0,6.12303176911189E-17,1.0));
#1824=DIRECTION('',(1.0,0.0,0.0));
#1825=SURFACE_STYLE_FILL_AREA(#2782);
#1826=ORIENTED_EDGE('',*,*,#2703,.F.);
#1827=ORIENTED_EDGE('',*,*,#2778,.F.);
#1828=ORIENTED_EDGE('',*,*,#2700,.T.);
#1829=ORIENTED_EDGE('',*,*,#2780,.T.);
#1830=CARTESIAN_POINT('',(-2.22249999999965,1.42,-6.29999999999999));
#1831=DIRECTION('',(-0.0,-6.12303176911189E-17,-1.0));
#1832=DIRECTION('',(-1.0,0.0,0.0));
#1833=SURFACE_STYLE_FILL_AREA(#2783);
#1834=ORIENTED_EDGE('',*,*,#2698,.F.);
#1835=ORIENTED_EDGE('',*,*,#2781,.F.);
#1836=CARTESIAN_POINT('',(-2.60749999999986,1.42,-10.9));
#1837=DIRECTION('',(-0.0,-6.12303176911189E-17,-1.0));
#1838=DIRECTION('',(-1.0,0.0,0.0));
#1839=SURFACE_STYLE_FILL_AREA(#2784);
#1840=ORIENTED_EDGE('',*,*,#2692,.T.);
#1841=ORIENTED_EDGE('',*,*,#2785,.F.);
#1842=ORIENTED_EDGE('',*,*,#2694,.T.);
#1843=ORIENTED_EDGE('',*,*,#2786,.T.);
#1844=CARTESIAN_POINT('',(-5.54,1.42,-5.65580651881881));
#1845=DIRECTION('',(-0.0,6.12303176911189E-17,1.0));
#1846=DIRECTION('',(1.0,0.0,0.0));
#1847=SURFACE_STYLE_FILL_AREA(#2787);
#1848=ORIENTED_EDGE('',*,*,#2687,.T.);
#1849=ORIENTED_EDGE('',*,*,#2788,.F.);
#1850=ORIENTED_EDGE('',*,*,#2689,.T.);
#1851=ORIENTED_EDGE('',*,*,#2789,.T.);
#1852=CARTESIAN_POINT('',(-5.54,1.42,-8.6));
#1853=DIRECTION('',(-0.0,6.12303176911189E-17,1.0));
#1854=DIRECTION('',(1.0,0.0,0.0));
#1855=SURFACE_STYLE_FILL_AREA(#2790);
#1856=ORIENTED_EDGE('',*,*,#2693,.F.);
#1857=ORIENTED_EDGE('',*,*,#2786,.F.);
#1858=ORIENTED_EDGE('',*,*,#2690,.T.);
#1859=ORIENTED_EDGE('',*,*,#2788,.T.);
#1860=CARTESIAN_POINT('',(-4.99249999999965,1.42,-6.29999999999999));
#1861=DIRECTION('',(-0.0,-6.12303176911189E-17,-1.0));
#1862=DIRECTION('',(-1.0,0.0,0.0));
#1863=SURFACE_STYLE_FILL_AREA(#2791);
#1864=ORIENTED_EDGE('',*,*,#2688,.F.);
#1865=ORIENTED_EDGE('',*,*,#2789,.F.);
#1866=CARTESIAN_POINT('',(-5.37749999999986,1.42,-10.9));
#1867=DIRECTION('',(-0.0,-6.12303176911189E-17,-1.0));
#1868=DIRECTION('',(-1.0,0.0,0.0));
#1869=SURFACE_STYLE_FILL_AREA(#2792);
#1870=ORIENTED_EDGE('',*,*,#2682,.T.);
#1871=ORIENTED_EDGE('',*,*,#2793,.F.);
#1872=ORIENTED_EDGE('',*,*,#2684,.T.);
#1873=ORIENTED_EDGE('',*,*,#2794,.T.);
#1874=CARTESIAN_POINT('',(4.155,-1.42,-5.65580651881881));
#1875=DIRECTION('',(-0.0,6.12303176911189E-17,1.0));
#1876=DIRECTION('',(1.0,0.0,0.0));
#1877=SURFACE_STYLE_FILL_AREA(#2795);
#1878=ORIENTED_EDGE('',*,*,#2677,.T.);
#1879=ORIENTED_EDGE('',*,*,#2796,.F.);
#1880=ORIENTED_EDGE('',*,*,#2679,.T.);
#1881=ORIENTED_EDGE('',*,*,#2797,.T.);
#1882=CARTESIAN_POINT('',(4.155,-1.42,-8.6));
#1883=DIRECTION('',(-0.0,6.12303176911189E-17,1.0));
#1884=DIRECTION('',(1.0,0.0,0.0));
#1885=SURFACE_STYLE_FILL_AREA(#2798);
#1886=ORIENTED_EDGE('',*,*,#2683,.F.);
#1887=ORIENTED_EDGE('',*,*,#2794,.F.);
#1888=ORIENTED_EDGE('',*,*,#2680,.T.);
#1889=ORIENTED_EDGE('',*,*,#2796,.T.);
#1890=CARTESIAN_POINT('',(4.70250000000035,-1.42,-6.29999999999999));
#1891=DIRECTION('',(-0.0,-6.12303176911189E-17,-1.0));
#1892=DIRECTION('',(-1.0,0.0,0.0));
#1893=SURFACE_STYLE_FILL_AREA(#2799);
#1894=ORIENTED_EDGE('',*,*,#2678,.F.);
#1895=ORIENTED_EDGE('',*,*,#2797,.F.);
#1896=CARTESIAN_POINT('',(4.31750000000014,-1.42,-10.9));
#1897=DIRECTION('',(-0.0,-6.12303176911189E-17,-1.0));
#1898=DIRECTION('',(-1.0,0.0,0.0));
#1899=SURFACE_STYLE_FILL_AREA(#2800);
#1900=ORIENTED_EDGE('',*,*,#2672,.T.);
#1901=ORIENTED_EDGE('',*,*,#2801,.F.);
#1902=ORIENTED_EDGE('',*,*,#2674,.T.);
#1903=ORIENTED_EDGE('',*,*,#2802,.T.);
#1904=CARTESIAN_POINT('',(1.385,-1.42,-5.65580651881881));
#1905=DIRECTION('',(-0.0,6.12303176911189E-17,1.0));
#1906=DIRECTION('',(1.0,0.0,0.0));
#1907=SURFACE_STYLE_FILL_AREA(#2803);
#1908=ORIENTED_EDGE('',*,*,#2667,.T.);
#1909=ORIENTED_EDGE('',*,*,#2804,.F.);
#1910=ORIENTED_EDGE('',*,*,#2669,.T.);
#1911=ORIENTED_EDGE('',*,*,#2805,.T.);
#1912=CARTESIAN_POINT('',(1.385,-1.42,-8.6));
#1913=DIRECTION('',(-0.0,6.12303176911189E-17,1.0));
#1914=DIRECTION('',(1.0,0.0,0.0));
#1915=SURFACE_STYLE_FILL_AREA(#2806);
#1916=ORIENTED_EDGE('',*,*,#2673,.F.);
#1917=ORIENTED_EDGE('',*,*,#2802,.F.);
#1918=ORIENTED_EDGE('',*,*,#2670,.T.);
#1919=ORIENTED_EDGE('',*,*,#2804,.T.);
#1920=CARTESIAN_POINT('',(1.93250000000035,-1.42,-6.29999999999999));
#1921=DIRECTION('',(-0.0,-6.12303176911189E-17,-1.0));
#1922=DIRECTION('',(-1.0,0.0,0.0));
#1923=SURFACE_STYLE_FILL_AREA(#2807);
#1924=ORIENTED_EDGE('',*,*,#2668,.F.);
#1925=ORIENTED_EDGE('',*,*,#2805,.F.);
#1926=CARTESIAN_POINT('',(1.54750000000014,-1.42,-10.9));
#1927=DIRECTION('',(-0.0,-6.12303176911189E-17,-1.0));
#1928=DIRECTION('',(-1.0,0.0,0.0));
#1929=SURFACE_STYLE_FILL_AREA(#2808);
#1930=ORIENTED_EDGE('',*,*,#2662,.T.);
#1931=ORIENTED_EDGE('',*,*,#2809,.F.);
#1932=ORIENTED_EDGE('',*,*,#2664,.T.);
#1933=ORIENTED_EDGE('',*,*,#2810,.T.);
#1934=CARTESIAN_POINT('',(-1.385,-1.42,-5.65580651881881));
#1935=DIRECTION('',(-0.0,6.12303176911189E-17,1.0));
#1936=DIRECTION('',(1.0,0.0,0.0));
#1937=SURFACE_STYLE_FILL_AREA(#2811);
#1938=ORIENTED_EDGE('',*,*,#2657,.T.);
#1939=ORIENTED_EDGE('',*,*,#2812,.F.);
#1940=ORIENTED_EDGE('',*,*,#2659,.T.);
#1941=ORIENTED_EDGE('',*,*,#2813,.T.);
#1942=CARTESIAN_POINT('',(-1.385,-1.42,-8.6));
#1943=DIRECTION('',(-0.0,6.12303176911189E-17,1.0));
#1944=DIRECTION('',(1.0,0.0,0.0));
#1945=SURFACE_STYLE_FILL_AREA(#2814);
#1946=ORIENTED_EDGE('',*,*,#2663,.F.);
#1947=ORIENTED_EDGE('',*,*,#2810,.F.);
#1948=ORIENTED_EDGE('',*,*,#2660,.T.);
#1949=ORIENTED_EDGE('',*,*,#2812,.T.);
#1950=CARTESIAN_POINT('',(-0.837499999999646,-1.42,-6.29999999999999));
#1951=DIRECTION('',(-0.0,-6.12303176911189E-17,-1.0));
#1952=DIRECTION('',(-1.0,0.0,0.0));
#1953=SURFACE_STYLE_FILL_AREA(#2815);
#1954=ORIENTED_EDGE('',*,*,#2658,.F.);
#1955=ORIENTED_EDGE('',*,*,#2813,.F.);
#1956=CARTESIAN_POINT('',(-1.22249999999986,-1.42,-10.9));
#1957=DIRECTION('',(-0.0,-6.12303176911189E-17,-1.0));
#1958=DIRECTION('',(-1.0,0.0,0.0));
#1959=SURFACE_STYLE_FILL_AREA(#2816);
#1960=ORIENTED_EDGE('',*,*,#2652,.T.);
#1961=ORIENTED_EDGE('',*,*,#2817,.F.);
#1962=ORIENTED_EDGE('',*,*,#2654,.T.);
#1963=ORIENTED_EDGE('',*,*,#2818,.T.);
#1964=CARTESIAN_POINT('',(-4.155,-1.42,-5.65580651881881));
#1965=DIRECTION('',(-0.0,6.12303176911189E-17,1.0));
#1966=DIRECTION('',(1.0,0.0,0.0));
#1967=SURFACE_STYLE_FILL_AREA(#2819);
#1968=ORIENTED_EDGE('',*,*,#2647,.T.);
#1969=ORIENTED_EDGE('',*,*,#2820,.F.);
#1970=ORIENTED_EDGE('',*,*,#2649,.T.);
#1971=ORIENTED_EDGE('',*,*,#2821,.T.);
#1972=CARTESIAN_POINT('',(-4.155,-1.42,-8.6));
#1973=DIRECTION('',(-0.0,6.12303176911189E-17,1.0));
#1974=DIRECTION('',(1.0,0.0,0.0));
#1975=SURFACE_STYLE_FILL_AREA(#2822);
#1976=ORIENTED_EDGE('',*,*,#2653,.F.);
#1977=ORIENTED_EDGE('',*,*,#2818,.F.);
#1978=ORIENTED_EDGE('',*,*,#2650,.T.);
#1979=ORIENTED_EDGE('',*,*,#2820,.T.);
#1980=CARTESIAN_POINT('',(-3.60749999999965,-1.42,-6.29999999999999));
#1981=DIRECTION('',(-0.0,-6.12303176911189E-17,-1.0));
#1982=DIRECTION('',(-1.0,0.0,0.0));
#1983=SURFACE_STYLE_FILL_AREA(#2823);
#1984=ORIENTED_EDGE('',*,*,#2648,.F.);
#1985=ORIENTED_EDGE('',*,*,#2821,.F.);
#1986=CARTESIAN_POINT('',(-3.99249999999986,-1.42,-10.9));
#1987=DIRECTION('',(-0.0,-6.12303176911189E-17,-1.0));
#1988=DIRECTION('',(-1.0,0.0,0.0));
#1989=SURFACE_STYLE_FILL_AREA(#2824);
#1990=ORIENTED_EDGE('',*,*,#2825,.F.);
#1991=ORIENTED_EDGE('',*,*,#2826,.F.);
#1992=ORIENTED_EDGE('',*,*,#2827,.F.);
#1993=ORIENTED_EDGE('',*,*,#2828,.T.);
#1994=ORIENTED_EDGE('',*,*,#2829,.F.);
#1995=ORIENTED_EDGE('',*,*,#2830,.F.);
#1996=CARTESIAN_POINT('',(-9.6,7.5,-1.7));
#1997=DIRECTION('',(-1.0,-0.0,0.0));
#1998=DIRECTION('',(0.0,-6.12303176911189E-17,-1.0));
#1999=SURFACE_STYLE_FILL_AREA(#2831);
#2000=ORIENTED_EDGE('',*,*,#2832,.F.);
#2001=ORIENTED_EDGE('',*,*,#2833,.T.);
#2002=ORIENTED_EDGE('',*,*,#2834,.F.);
#2003=ORIENTED_EDGE('',*,*,#2826,.T.);
#2004=CARTESIAN_POINT('',(-10.1,5.35999999999991,-1.47501349388185));
#2005=DIRECTION('',(-5.58399502775502E-31,1.0,9.11965712136907E-15));
#2006=DIRECTION('',(-6.12303176911189E-17,-9.11965712136907E-15,1.0));
#2007=SURFACE_STYLE_FILL_AREA(#2835);
#2008=ORIENTED_EDGE('',*,*,#2836,.F.);
#2009=ORIENTED_EDGE('',*,*,#2830,.T.);
#2010=ORIENTED_EDGE('',*,*,#2837,.T.);
#2011=ORIENTED_EDGE('',*,*,#2838,.T.);
#2012=CARTESIAN_POINT('',(-10.1,-5.36000000000004,-1.50858168988143));
#2013=DIRECTION('',(1.26513757495428E-30,-1.0,-2.06619469351175E-14));
#2014=DIRECTION('',(6.12303176911189E-17,2.06619469351175E-14,-1.0));
#2015=SURFACE_STYLE_FILL_AREA(#2839);
#2016=ORIENTED_EDGE('',*,*,#2840,.T.);
#2017=ORIENTED_EDGE('',*,*,#2841,.F.);
#2018=ORIENTED_EDGE('',*,*,#2842,.T.);
#2019=ORIENTED_EDGE('',*,*,#2843,.T.);
#2020=CARTESIAN_POINT('',(-10.1,3.01000000000005,-5.19999999999997));
#2021=DIRECTION('',(1.0,0.0,6.12303176911189E-17));
#2022=DIRECTION('',(6.12303176911189E-17,0.0,-1.0));
#2023=SURFACE_STYLE_FILL_AREA(#2844);
#2024=ORIENTED_EDGE('',*,*,#2845,.T.);
#2025=ORIENTED_EDGE('',*,*,#2843,.F.);
#2026=ORIENTED_EDGE('',*,*,#2846,.T.);
#2027=ORIENTED_EDGE('',*,*,#2847,.T.);
#2028=CARTESIAN_POINT('',(-10.1,3.51,-5.04999999999999));
#2029=DIRECTION('',(-5.07578836843256E-30,1.0,8.28966525053451E-14));
#2030=DIRECTION('',(-6.12303176911189E-17,-8.28966525053451E-14,1.0));
#2031=SURFACE_STYLE_FILL_AREA(#2848);
#2032=ORIENTED_EDGE('',*,*,#2849,.T.);
#2033=ORIENTED_EDGE('',*,*,#2850,.F.);
#2034=ORIENTED_EDGE('',*,*,#2851,.T.);
#2035=ORIENTED_EDGE('',*,*,#2852,.T.);
#2036=CARTESIAN_POINT('',(-10.1,-3.01000000000005,-5.19999999999997));
#2037=DIRECTION('',(1.0,0.0,6.12303176911189E-17));
#2038=DIRECTION('',(6.12303176911189E-17,0.0,-1.0));
#2039=SURFACE_STYLE_FILL_AREA(#2853);
#2040=ORIENTED_EDGE('',*,*,#2854,.T.);
#2041=ORIENTED_EDGE('',*,*,#2855,.F.);
#2042=ORIENTED_EDGE('',*,*,#2856,.T.);
#2043=ORIENTED_EDGE('',*,*,#2850,.T.);
#2044=CARTESIAN_POINT('',(-10.1,-3.50999999999999,-5.04999999999997));
#2045=DIRECTION('',(0.0,-1.0,0.0));
#2046=DIRECTION('',(6.12303176911189E-17,0.0,-1.0));
#2047=SURFACE_STYLE_FILL_AREA(#2857);
#2048=ORIENTED_EDGE('',*,*,#2858,.T.);
#2049=ORIENTED_EDGE('',*,*,#2837,.F.);
#2050=ORIENTED_EDGE('',*,*,#2829,.T.);
#2051=ORIENTED_EDGE('',*,*,#2859,.T.);
#2052=ORIENTED_EDGE('',*,*,#2855,.T.);
#2053=ORIENTED_EDGE('',*,*,#2860,.T.);
#2054=CARTESIAN_POINT('',(-10.1,-3.36000000000001,-2.90563293248206));
#2055=DIRECTION('',(1.0,0.0,6.12303176911189E-17));
#2056=DIRECTION('',(6.12303176911189E-17,0.0,-1.0));
#2057=SURFACE_STYLE_FILL_AREA(#2861);
#2058=ORIENTED_EDGE('',*,*,#2862,.T.);
#2059=ORIENTED_EDGE('',*,*,#2847,.F.);
#2060=ORIENTED_EDGE('',*,*,#2863,.T.);
#2061=ORIENTED_EDGE('',*,*,#2827,.T.);
#2062=ORIENTED_EDGE('',*,*,#2834,.T.);
#2063=ORIENTED_EDGE('',*,*,#2864,.T.);
#2064=CARTESIAN_POINT('',(-10.1,3.35914706478332,-2.9037742997942));
#2065=DIRECTION('',(1.0,0.0,6.12303176911189E-17));
#2066=DIRECTION('',(6.12303176911189E-17,0.0,-1.0));
#2067=SURFACE_STYLE_FILL_AREA(#2865);
#2068=ORIENTED_EDGE('',*,*,#2866,.F.);
#2069=ORIENTED_EDGE('',*,*,#2838,.F.);
#2070=ORIENTED_EDGE('',*,*,#2858,.F.);
#2071=ORIENTED_EDGE('',*,*,#2867,.F.);
#2072=ORIENTED_EDGE('',*,*,#2864,.F.);
#2073=ORIENTED_EDGE('',*,*,#2833,.F.);
#2074=CARTESIAN_POINT('',(9.6,7.5,-1.7));
#2075=DIRECTION('',(1.0,0.0,-0.0));
#2076=DIRECTION('',(0.0,6.12303176911189E-17,1.0));
#2077=SURFACE_STYLE_FILL_AREA(#2868);
#2078=ORIENTED_EDGE('',*,*,#2860,.F.);
#2079=ORIENTED_EDGE('',*,*,#2869,.F.);
#2080=ORIENTED_EDGE('',*,*,#2862,.F.);
#2081=ORIENTED_EDGE('',*,*,#2867,.T.);
#2082=CARTESIAN_POINT('',(7.8,7.5,-3.1));
#2083=DIRECTION('',(0.0,-1.0,6.12303176911189E-17));
#2084=DIRECTION('',(1.0,0.0,0.0));
#2085=SURFACE_STYLE_FILL_AREA(#2870);
#2086=ORIENTED_EDGE('',*,*,#2854,.F.);
#2087=ORIENTED_EDGE('',*,*,#2871,.F.);
#2088=ORIENTED_EDGE('',*,*,#2845,.F.);
#2089=ORIENTED_EDGE('',*,*,#2869,.T.);
#2090=CARTESIAN_POINT('',(7.8,7.5,-5.05));
#2091=DIRECTION('',(1.0,0.0,-0.0));
#2092=DIRECTION('',(0.0,6.12303176911189E-17,1.0));
#2093=SURFACE_STYLE_FILL_AREA(#2872);
#2094=ORIENTED_EDGE('',*,*,#2849,.F.);
#2095=ORIENTED_EDGE('',*,*,#2873,.F.);
#2096=ORIENTED_EDGE('',*,*,#2840,.F.);
#2097=ORIENTED_EDGE('',*,*,#2871,.T.);
#2098=CARTESIAN_POINT('',(7.3,7.5,-5.2));
#2099=DIRECTION('',(0.0,-1.0,6.12303176911189E-17));
#2100=DIRECTION('',(1.0,0.0,0.0));
#2101=SURFACE_STYLE_FILL_AREA(#2874);
#2102=ORIENTED_EDGE('',*,*,#2753,.T.);
#2103=ORIENTED_EDGE('',*,*,#2735,.T.);
#2104=ORIENTED_EDGE('',*,*,#2761,.T.);
#2105=ORIENTED_EDGE('',*,*,#2725,.T.);
#2106=ORIENTED_EDGE('',*,*,#2769,.T.);
#2107=ORIENTED_EDGE('',*,*,#2715,.T.);
#2108=ORIENTED_EDGE('',*,*,#2777,.T.);
#2109=ORIENTED_EDGE('',*,*,#2705,.T.);
#2110=ORIENTED_EDGE('',*,*,#2785,.T.);
#2111=ORIENTED_EDGE('',*,*,#2695,.T.);
#2112=ORIENTED_EDGE('',*,*,#2793,.T.);
#2113=ORIENTED_EDGE('',*,*,#2685,.T.);
#2114=ORIENTED_EDGE('',*,*,#2801,.T.);
#2115=ORIENTED_EDGE('',*,*,#2675,.T.);
#2116=ORIENTED_EDGE('',*,*,#2809,.T.);
#2117=ORIENTED_EDGE('',*,*,#2665,.T.);
#2118=ORIENTED_EDGE('',*,*,#2817,.T.);
#2119=ORIENTED_EDGE('',*,*,#2655,.T.);
#2120=ORIENTED_EDGE('',*,*,#2852,.F.);
#2121=ORIENTED_EDGE('',*,*,#2875,.F.);
#2122=ORIENTED_EDGE('',*,*,#2841,.T.);
#2123=ORIENTED_EDGE('',*,*,#2873,.T.);
#2124=CARTESIAN_POINT('',(0.0,7.5,-5.7));
#2125=DIRECTION('',(0.0,-6.12303176911189E-17,-1.0));
#2126=DIRECTION('',(1.0,0.0,0.0));
#2127=SURFACE_STYLE_FILL_AREA(#2876);
#2128=ORIENTED_EDGE('',*,*,#2851,.F.);
#2129=ORIENTED_EDGE('',*,*,#2877,.F.);
#2130=ORIENTED_EDGE('',*,*,#2842,.F.);
#2131=ORIENTED_EDGE('',*,*,#2875,.T.);
#2132=CARTESIAN_POINT('',(-7.3,7.5,-5.2));
#2133=DIRECTION('',(0.0,-1.0,6.12303176911189E-17));
#2134=DIRECTION('',(1.0,0.0,0.0));
#2135=SURFACE_STYLE_FILL_AREA(#2878);
#2136=ORIENTED_EDGE('',*,*,#2856,.F.);
#2137=ORIENTED_EDGE('',*,*,#2879,.F.);
#2138=ORIENTED_EDGE('',*,*,#2846,.F.);
#2139=ORIENTED_EDGE('',*,*,#2877,.T.);
#2140=CARTESIAN_POINT('',(-7.8,7.5,-5.05));
#2141=DIRECTION('',(-1.0,-0.0,0.0));
#2142=DIRECTION('',(0.0,-6.12303176911189E-17,-1.0));
#2143=SURFACE_STYLE_FILL_AREA(#2880);
#2144=ORIENTED_EDGE('',*,*,#2859,.F.);
#2145=ORIENTED_EDGE('',*,*,#2828,.F.);
#2146=ORIENTED_EDGE('',*,*,#2863,.F.);
#2147=ORIENTED_EDGE('',*,*,#2879,.T.);
#2148=CARTESIAN_POINT('',(-7.8,7.5,-3.1));
#2149=DIRECTION('',(0.0,-1.0,6.12303176911189E-17));
#2150=DIRECTION('',(1.0,0.0,0.0));
#2151=SURFACE_STYLE_FILL_AREA(#2881);
#2152=ORIENTED_EDGE('',*,*,#2645,.T.);
#2153=ORIENTED_EDGE('',*,*,#2882,.T.);
#2154=CARTESIAN_POINT('',(4.405,-1.42,2.22044604925031E-16));
#2155=DIRECTION('',(-0.0,-6.12303176911189E-17,-1.0));
#2156=DIRECTION('',(-1.0,0.0,0.0));
#2157=SURFACE_STYLE_FILL_AREA(#2883);
#2158=ORIENTED_EDGE('',*,*,#2643,.T.);
#2159=ORIENTED_EDGE('',*,*,#2882,.F.);
#2160=ORIENTED_EDGE('',*,*,#2644,.T.);
#2161=ORIENTED_EDGE('',*,*,#2884,.T.);
#2162=CARTESIAN_POINT('',(4.155,-1.42,2.78));
#2163=DIRECTION('',(-0.0,6.12303176911189E-17,1.0));
#2164=DIRECTION('',(1.0,0.0,0.0));
#2165=SURFACE_STYLE_FILL_AREA(#2885);
#2166=ORIENTED_EDGE('',*,*,#2638,.T.);
#2167=ORIENTED_EDGE('',*,*,#2884,.F.);
#2168=ORIENTED_EDGE('',*,*,#2640,.T.);
#2169=ORIENTED_EDGE('',*,*,#2886,.F.);
#2170=CARTESIAN_POINT('',(4.155,-1.42,5.78));
#2171=DIRECTION('',(-0.0,6.12303176911189E-17,1.0));
#2172=DIRECTION('',(1.0,0.0,0.0));
#2173=SURFACE_STYLE_FILL_AREA(#2887);
#2174=ORIENTED_EDGE('',*,*,#2636,.T.);
#2175=ORIENTED_EDGE('',*,*,#2888,.T.);
#2176=CARTESIAN_POINT('',(1.635,-1.42,2.22044604925031E-16));
#2177=DIRECTION('',(-0.0,-6.12303176911189E-17,-1.0));
#2178=DIRECTION('',(-1.0,0.0,0.0));
#2179=SURFACE_STYLE_FILL_AREA(#2889);
#2180=ORIENTED_EDGE('',*,*,#2634,.T.);
#2181=ORIENTED_EDGE('',*,*,#2888,.F.);
#2182=ORIENTED_EDGE('',*,*,#2635,.T.);
#2183=ORIENTED_EDGE('',*,*,#2890,.T.);
#2184=CARTESIAN_POINT('',(1.385,-1.42,2.78));
#2185=DIRECTION('',(-0.0,6.12303176911189E-17,1.0));
#2186=DIRECTION('',(1.0,0.0,0.0));
#2187=SURFACE_STYLE_FILL_AREA(#2891);
#2188=ORIENTED_EDGE('',*,*,#2629,.T.);
#2189=ORIENTED_EDGE('',*,*,#2890,.F.);
#2190=ORIENTED_EDGE('',*,*,#2631,.T.);
#2191=ORIENTED_EDGE('',*,*,#2892,.F.);
#2192=CARTESIAN_POINT('',(1.385,-1.42,5.78));
#2193=DIRECTION('',(-0.0,6.12303176911189E-17,1.0));
#2194=DIRECTION('',(1.0,0.0,0.0));
#2195=SURFACE_STYLE_FILL_AREA(#2893);
#2196=ORIENTED_EDGE('',*,*,#2627,.T.);
#2197=ORIENTED_EDGE('',*,*,#2894,.T.);
#2198=CARTESIAN_POINT('',(-1.135,-1.42,2.22044604925031E-16));
#2199=DIRECTION('',(-0.0,-6.12303176911189E-17,-1.0));
#2200=DIRECTION('',(-1.0,0.0,0.0));
#2201=SURFACE_STYLE_FILL_AREA(#2895);
#2202=ORIENTED_EDGE('',*,*,#2625,.T.);
#2203=ORIENTED_EDGE('',*,*,#2894,.F.);
#2204=ORIENTED_EDGE('',*,*,#2626,.T.);
#2205=ORIENTED_EDGE('',*,*,#2896,.T.);
#2206=CARTESIAN_POINT('',(-1.385,-1.42,2.78));
#2207=DIRECTION('',(-0.0,6.12303176911189E-17,1.0));
#2208=DIRECTION('',(1.0,0.0,0.0));
#2209=SURFACE_STYLE_FILL_AREA(#2897);
#2210=ORIENTED_EDGE('',*,*,#2620,.T.);
#2211=ORIENTED_EDGE('',*,*,#2896,.F.);
#2212=ORIENTED_EDGE('',*,*,#2622,.T.);
#2213=ORIENTED_EDGE('',*,*,#2898,.F.);
#2214=CARTESIAN_POINT('',(-1.385,-1.42,5.78));
#2215=DIRECTION('',(-0.0,6.12303176911189E-17,1.0));
#2216=DIRECTION('',(1.0,0.0,0.0));
#2217=SURFACE_STYLE_FILL_AREA(#2899);
#2218=ORIENTED_EDGE('',*,*,#2618,.T.);
#2219=ORIENTED_EDGE('',*,*,#2900,.T.);
#2220=CARTESIAN_POINT('',(-3.905,-1.42,2.22044604925031E-16));
#2221=DIRECTION('',(-0.0,-6.12303176911189E-17,-1.0));
#2222=DIRECTION('',(-1.0,0.0,0.0));
#2223=SURFACE_STYLE_FILL_AREA(#2901);
#2224=ORIENTED_EDGE('',*,*,#2616,.T.);
#2225=ORIENTED_EDGE('',*,*,#2900,.F.);
#2226=ORIENTED_EDGE('',*,*,#2617,.T.);
#2227=ORIENTED_EDGE('',*,*,#2902,.T.);
#2228=CARTESIAN_POINT('',(-4.155,-1.42,2.78));
#2229=DIRECTION('',(-0.0,6.12303176911189E-17,1.0));
#2230=DIRECTION('',(1.0,0.0,0.0));
#2231=SURFACE_STYLE_FILL_AREA(#2903);
#2232=ORIENTED_EDGE('',*,*,#2611,.T.);
#2233=ORIENTED_EDGE('',*,*,#2902,.F.);
#2234=ORIENTED_EDGE('',*,*,#2613,.T.);
#2235=ORIENTED_EDGE('',*,*,#2904,.F.);
#2236=CARTESIAN_POINT('',(-4.155,-1.42,5.78));
#2237=DIRECTION('',(-0.0,6.12303176911189E-17,1.0));
#2238=DIRECTION('',(1.0,0.0,0.0));
#2239=SURFACE_STYLE_FILL_AREA(#2905);
#2240=ORIENTED_EDGE('',*,*,#2609,.T.);
#2241=ORIENTED_EDGE('',*,*,#2906,.T.);
#2242=CARTESIAN_POINT('',(5.79,1.42,2.22044604925031E-16));
#2243=DIRECTION('',(-0.0,-6.12303176911189E-17,-1.0));
#2244=DIRECTION('',(-1.0,0.0,0.0));
#2245=SURFACE_STYLE_FILL_AREA(#2907);
#2246=ORIENTED_EDGE('',*,*,#2607,.T.);
#2247=ORIENTED_EDGE('',*,*,#2906,.F.);
#2248=ORIENTED_EDGE('',*,*,#2608,.T.);
#2249=ORIENTED_EDGE('',*,*,#2908,.T.);
#2250=CARTESIAN_POINT('',(5.54,1.42,2.78));
#2251=DIRECTION('',(-0.0,6.12303176911189E-17,1.0));
#2252=DIRECTION('',(1.0,0.0,0.0));
#2253=SURFACE_STYLE_FILL_AREA(#2909);
#2254=ORIENTED_EDGE('',*,*,#2602,.T.);
#2255=ORIENTED_EDGE('',*,*,#2908,.F.);
#2256=ORIENTED_EDGE('',*,*,#2604,.T.);
#2257=ORIENTED_EDGE('',*,*,#2910,.F.);
#2258=CARTESIAN_POINT('',(5.54,1.42,5.78));
#2259=DIRECTION('',(-0.0,6.12303176911189E-17,1.0));
#2260=DIRECTION('',(1.0,0.0,0.0));
#2261=SURFACE_STYLE_FILL_AREA(#2911);
#2262=ORIENTED_EDGE('',*,*,#2600,.T.);
#2263=ORIENTED_EDGE('',*,*,#2912,.T.);
#2264=CARTESIAN_POINT('',(3.02,1.42,2.22044604925031E-16));
#2265=DIRECTION('',(-0.0,-6.12303176911189E-17,-1.0));
#2266=DIRECTION('',(-1.0,0.0,0.0));
#2267=SURFACE_STYLE_FILL_AREA(#2913);
#2268=ORIENTED_EDGE('',*,*,#2598,.T.);
#2269=ORIENTED_EDGE('',*,*,#2912,.F.);
#2270=ORIENTED_EDGE('',*,*,#2599,.T.);
#2271=ORIENTED_EDGE('',*,*,#2914,.T.);
#2272=CARTESIAN_POINT('',(2.77,1.42,2.78));
#2273=DIRECTION('',(-0.0,6.12303176911189E-17,1.0));
#2274=DIRECTION('',(1.0,0.0,0.0));
#2275=SURFACE_STYLE_FILL_AREA(#2915);
#2276=ORIENTED_EDGE('',*,*,#2593,.T.);
#2277=ORIENTED_EDGE('',*,*,#2914,.F.);
#2278=ORIENTED_EDGE('',*,*,#2595,.T.);
#2279=ORIENTED_EDGE('',*,*,#2916,.F.);
#2280=CARTESIAN_POINT('',(2.77,1.42,5.78));
#2281=DIRECTION('',(-0.0,6.12303176911189E-17,1.0));
#2282=DIRECTION('',(1.0,0.0,0.0));
#2283=SURFACE_STYLE_FILL_AREA(#2917);
#2284=ORIENTED_EDGE('',*,*,#2591,.T.);
#2285=ORIENTED_EDGE('',*,*,#2918,.T.);
#2286=CARTESIAN_POINT('',(0.25,1.42,2.22044604925031E-16));
#2287=DIRECTION('',(-0.0,-6.12303176911189E-17,-1.0));
#2288=DIRECTION('',(-1.0,0.0,0.0));
#2289=SURFACE_STYLE_FILL_AREA(#2919);
#2290=ORIENTED_EDGE('',*,*,#2589,.T.);
#2291=ORIENTED_EDGE('',*,*,#2918,.F.);
#2292=ORIENTED_EDGE('',*,*,#2590,.T.);
#2293=ORIENTED_EDGE('',*,*,#2920,.T.);
#2294=CARTESIAN_POINT('',(0.0,1.42,2.78));
#2295=DIRECTION('',(-0.0,6.12303176911189E-17,1.0));
#2296=DIRECTION('',(1.0,0.0,0.0));
#2297=SURFACE_STYLE_FILL_AREA(#2921);
#2298=ORIENTED_EDGE('',*,*,#2584,.T.);
#2299=ORIENTED_EDGE('',*,*,#2920,.F.);
#2300=ORIENTED_EDGE('',*,*,#2586,.T.);
#2301=ORIENTED_EDGE('',*,*,#2922,.F.);
#2302=CARTESIAN_POINT('',(0.0,1.42,5.78));
#2303=DIRECTION('',(-0.0,6.12303176911189E-17,1.0));
#2304=DIRECTION('',(1.0,0.0,0.0));
#2305=SURFACE_STYLE_FILL_AREA(#2923);
#2306=ORIENTED_EDGE('',*,*,#2582,.T.);
#2307=ORIENTED_EDGE('',*,*,#2924,.T.);
#2308=CARTESIAN_POINT('',(-2.52,1.42,2.22044604925031E-16));
#2309=DIRECTION('',(-0.0,-6.12303176911189E-17,-1.0));
#2310=DIRECTION('',(-1.0,0.0,0.0));
#2311=SURFACE_STYLE_FILL_AREA(#2925);
#2312=ORIENTED_EDGE('',*,*,#2580,.T.);
#2313=ORIENTED_EDGE('',*,*,#2924,.F.);
#2314=ORIENTED_EDGE('',*,*,#2581,.T.);
#2315=ORIENTED_EDGE('',*,*,#2926,.T.);
#2316=CARTESIAN_POINT('',(-2.77,1.42,2.78));
#2317=DIRECTION('',(-0.0,6.12303176911189E-17,1.0));
#2318=DIRECTION('',(1.0,0.0,0.0));
#2319=SURFACE_STYLE_FILL_AREA(#2927);
#2320=ORIENTED_EDGE('',*,*,#2575,.T.);
#2321=ORIENTED_EDGE('',*,*,#2926,.F.);
#2322=ORIENTED_EDGE('',*,*,#2577,.T.);
#2323=ORIENTED_EDGE('',*,*,#2928,.F.);
#2324=CARTESIAN_POINT('',(-2.77,1.42,5.78));
#2325=DIRECTION('',(-0.0,6.12303176911189E-17,1.0));
#2326=DIRECTION('',(1.0,0.0,0.0));
#2327=SURFACE_STYLE_FILL_AREA(#2929);
#2328=ORIENTED_EDGE('',*,*,#2573,.T.);
#2329=ORIENTED_EDGE('',*,*,#2930,.T.);
#2330=CARTESIAN_POINT('',(-5.29,1.42,2.22044604925031E-16));
#2331=DIRECTION('',(-0.0,-6.12303176911189E-17,-1.0));
#2332=DIRECTION('',(-1.0,0.0,0.0));
#2333=SURFACE_STYLE_FILL_AREA(#2931);
#2334=ORIENTED_EDGE('',*,*,#2571,.T.);
#2335=ORIENTED_EDGE('',*,*,#2930,.F.);
#2336=ORIENTED_EDGE('',*,*,#2572,.T.);
#2337=ORIENTED_EDGE('',*,*,#2932,.T.);
#2338=CARTESIAN_POINT('',(-5.54,1.42,2.78));
#2339=DIRECTION('',(-0.0,6.12303176911189E-17,1.0));
#2340=DIRECTION('',(1.0,0.0,0.0));
#2341=SURFACE_STYLE_FILL_AREA(#2933);
#2342=ORIENTED_EDGE('',*,*,#2566,.T.);
#2343=ORIENTED_EDGE('',*,*,#2932,.F.);
#2344=ORIENTED_EDGE('',*,*,#2568,.T.);
#2345=ORIENTED_EDGE('',*,*,#2934,.F.);
#2346=CARTESIAN_POINT('',(-5.54,1.42,5.78));
#2347=DIRECTION('',(-0.0,6.12303176911189E-17,1.0));
#2348=DIRECTION('',(1.0,0.0,0.0));
#2349=SURFACE_STYLE_FILL_AREA(#2935);
#2350=ORIENTED_EDGE('',*,*,#2936,.F.);
#2351=ORIENTED_EDGE('',*,*,#2563,.T.);
#2352=ORIENTED_EDGE('',*,*,#2937,.T.);
#2353=ORIENTED_EDGE('',*,*,#2558,.F.);
#2354=CARTESIAN_POINT('',(8.88178419700125E-16,3.95,-0.7));
#2355=DIRECTION('',(0.0,1.0,0.0));
#2356=DIRECTION('',(-1.0,0.0,0.0));
#2357=SURFACE_STYLE_FILL_AREA(#2938);
#2358=ORIENTED_EDGE('',*,*,#2561,.T.);
#2359=ORIENTED_EDGE('',*,*,#2939,.F.);
#2360=ORIENTED_EDGE('',*,*,#2940,.T.);
#2361=ORIENTED_EDGE('',*,*,#2941,.T.);
#2362=CARTESIAN_POINT('',(-6.165,1.95,-0.7));
#2363=DIRECTION('',(0.0,0.0,1.0));
#2364=DIRECTION('',(1.0,0.0,0.0));
#2365=SURFACE_STYLE_FILL_AREA(#2942);
#2366=ORIENTED_EDGE('',*,*,#2943,.F.);
#2367=ORIENTED_EDGE('',*,*,#2944,.T.);
#2368=ORIENTED_EDGE('',*,*,#2945,.T.);
#2369=ORIENTED_EDGE('',*,*,#2940,.F.);
#2370=CARTESIAN_POINT('',(-7.79077789364291,-0.347296355333861,-0.7));
#2371=DIRECTION('',(-0.984807753012208,-0.17364817766693,0.0));
#2372=DIRECTION('',(0.17364817766693,-0.984807753012208,0.0));
#2373=SURFACE_STYLE_FILL_AREA(#2946);
#2374=ORIENTED_EDGE('',*,*,#2947,.F.);
#2375=ORIENTED_EDGE('',*,*,#2948,.T.);
#2376=ORIENTED_EDGE('',*,*,#2949,.T.);
#2377=ORIENTED_EDGE('',*,*,#2944,.F.);
#2378=CARTESIAN_POINT('',(-5.47732477523699,-1.95,-0.7));
#2379=DIRECTION('',(0.0,0.0,1.0));
#2380=DIRECTION('',(1.0,0.0,0.0));
#2381=SURFACE_STYLE_FILL_AREA(#2950);
#2382=ORIENTED_EDGE('',*,*,#2556,.T.);
#2383=ORIENTED_EDGE('',*,*,#2951,.T.);
#2384=ORIENTED_EDGE('',*,*,#2952,.F.);
#2385=ORIENTED_EDGE('',*,*,#2953,.F.);
#2386=CARTESIAN_POINT('',(6.165,1.95,-0.7));
#2387=DIRECTION('',(0.0,0.0,1.0));
#2388=DIRECTION('',(1.0,0.0,0.0));
#2389=SURFACE_STYLE_FILL_AREA(#2954);
#2390=ORIENTED_EDGE('',*,*,#2955,.F.);
#2391=ORIENTED_EDGE('',*,*,#2952,.T.);
#2392=ORIENTED_EDGE('',*,*,#2956,.T.);
#2393=ORIENTED_EDGE('',*,*,#2957,.F.);
#2394=CARTESIAN_POINT('',(7.79077789364291,-0.34729635533386,-0.7));
#2395=DIRECTION('',(0.984807753012208,-0.17364817766693,0.0));
#2396=DIRECTION('',(0.17364817766693,0.984807753012208,0.0));
#2397=SURFACE_STYLE_FILL_AREA(#2958);
#2398=ORIENTED_EDGE('',*,*,#2959,.F.);
#2399=ORIENTED_EDGE('',*,*,#2957,.T.);
#2400=ORIENTED_EDGE('',*,*,#2960,.T.);
#2401=ORIENTED_EDGE('',*,*,#2961,.F.);
#2402=CARTESIAN_POINT('',(5.47732477523699,-1.95,-0.7));
#2403=DIRECTION('',(0.0,0.0,1.0));
#2404=DIRECTION('',(1.0,0.0,0.0));
#2405=SURFACE_STYLE_FILL_AREA(#2962);
#2406=ORIENTED_EDGE('',*,*,#2963,.F.);
#2407=ORIENTED_EDGE('',*,*,#2961,.T.);
#2408=ORIENTED_EDGE('',*,*,#2964,.T.);
#2409=ORIENTED_EDGE('',*,*,#2948,.F.);
#2410=CARTESIAN_POINT('',(0.0,-3.95,-0.7));
#2411=DIRECTION('',(0.0,-1.0,0.0));
#2412=DIRECTION('',(1.0,0.0,0.0));
#2413=SURFACE_STYLE_FILL_AREA(#2965);
#2414=ORIENTED_EDGE('',*,*,#2639,.T.);
#2415=ORIENTED_EDGE('',*,*,#2886,.T.);
#2416=ORIENTED_EDGE('',*,*,#2630,.T.);
#2417=ORIENTED_EDGE('',*,*,#2892,.T.);
#2418=ORIENTED_EDGE('',*,*,#2621,.T.);
#2419=ORIENTED_EDGE('',*,*,#2898,.T.);
#2420=ORIENTED_EDGE('',*,*,#2612,.T.);
#2421=ORIENTED_EDGE('',*,*,#2904,.T.);
#2422=ORIENTED_EDGE('',*,*,#2603,.T.);
#2423=ORIENTED_EDGE('',*,*,#2910,.T.);
#2424=ORIENTED_EDGE('',*,*,#2594,.T.);
#2425=ORIENTED_EDGE('',*,*,#2916,.T.);
#2426=ORIENTED_EDGE('',*,*,#2585,.T.);
#2427=ORIENTED_EDGE('',*,*,#2922,.T.);
#2428=ORIENTED_EDGE('',*,*,#2576,.T.);
#2429=ORIENTED_EDGE('',*,*,#2928,.T.);
#2430=ORIENTED_EDGE('',*,*,#2567,.T.);
#2431=ORIENTED_EDGE('',*,*,#2934,.T.);
#2432=ORIENTED_EDGE('',*,*,#2949,.F.);
#2433=ORIENTED_EDGE('',*,*,#2964,.F.);
#2434=ORIENTED_EDGE('',*,*,#2960,.F.);
#2435=ORIENTED_EDGE('',*,*,#2956,.F.);
#2436=ORIENTED_EDGE('',*,*,#2951,.F.);
#2437=ORIENTED_EDGE('',*,*,#2559,.F.);
#2438=ORIENTED_EDGE('',*,*,#2937,.F.);
#2439=ORIENTED_EDGE('',*,*,#2562,.F.);
#2440=ORIENTED_EDGE('',*,*,#2941,.F.);
#2441=ORIENTED_EDGE('',*,*,#2945,.F.);
#2442=CARTESIAN_POINT('',(3.33066907387547E-16,0.121692715098781,5.8));
#2443=DIRECTION('',(0.0,0.0,1.0));
#2444=DIRECTION('',(1.0,0.0,0.0));
#2445=SURFACE_STYLE_FILL_AREA(#2966);
#2446=ORIENTED_EDGE('',*,*,#2967,.T.);
#2447=ORIENTED_EDGE('',*,*,#2968,.F.);
#2448=ORIENTED_EDGE('',*,*,#2969,.T.);
#2449=ORIENTED_EDGE('',*,*,#2970,.T.);
#2450=CARTESIAN_POINT('',(-14.105,-4.975,-0.8));
#2451=DIRECTION('',(0.0,0.0,1.0));
#2452=DIRECTION('',(1.0,0.0,0.0));
#2453=SURFACE_STYLE_FILL_AREA(#2971);
#2454=ORIENTED_EDGE('',*,*,#2972,.T.);
#2455=ORIENTED_EDGE('',*,*,#2973,.F.);
#2456=ORIENTED_EDGE('',*,*,#2974,.T.);
#2457=ORIENTED_EDGE('',*,*,#2968,.T.);
#2458=CARTESIAN_POINT('',(-15.405,1.77635683940025E-15,-0.8));
#2459=DIRECTION('',(-1.0,0.0,0.0));
#2460=DIRECTION('',(0.0,-1.0,0.0));
#2461=SURFACE_STYLE_FILL_AREA(#2975);
#2462=ORIENTED_EDGE('',*,*,#2976,.T.);
#2463=ORIENTED_EDGE('',*,*,#2977,.F.);
#2464=ORIENTED_EDGE('',*,*,#2978,.T.);
#2465=ORIENTED_EDGE('',*,*,#2973,.T.);
#2466=CARTESIAN_POINT('',(-14.105,4.975,-0.8));
#2467=DIRECTION('',(0.0,0.0,1.0));
#2468=DIRECTION('',(1.0,0.0,0.0));
#2469=SURFACE_STYLE_FILL_AREA(#2979);
#2470=ORIENTED_EDGE('',*,*,#2980,.T.);
#2471=ORIENTED_EDGE('',*,*,#2981,.F.);
#2472=ORIENTED_EDGE('',*,*,#2982,.T.);
#2473=ORIENTED_EDGE('',*,*,#2977,.T.);
#2474=CARTESIAN_POINT('',(0.0,6.275,-0.8));
#2475=DIRECTION('',(1.25938095668221E-16,1.0,0.0));
#2476=DIRECTION('',(-1.0,1.25938095668221E-16,0.0));
#2477=SURFACE_STYLE_FILL_AREA(#2983);
#2478=ORIENTED_EDGE('',*,*,#2984,.T.);
#2479=ORIENTED_EDGE('',*,*,#2985,.F.);
#2480=ORIENTED_EDGE('',*,*,#2986,.T.);
#2481=ORIENTED_EDGE('',*,*,#2981,.T.);
#2482=CARTESIAN_POINT('',(14.105,4.975,-0.8));
#2483=DIRECTION('',(0.0,0.0,1.0));
#2484=DIRECTION('',(1.0,0.0,0.0));
#2485=SURFACE_STYLE_FILL_AREA(#2987);
#2486=ORIENTED_EDGE('',*,*,#2988,.T.);
#2487=ORIENTED_EDGE('',*,*,#2989,.F.);
#2488=ORIENTED_EDGE('',*,*,#2990,.T.);
#2489=ORIENTED_EDGE('',*,*,#2985,.T.);
#2490=CARTESIAN_POINT('',(15.405,0.0,-0.8));
#2491=DIRECTION('',(1.0,0.0,0.0));
#2492=DIRECTION('',(0.0,1.0,0.0));
#2493=SURFACE_STYLE_FILL_AREA(#2991);
#2494=ORIENTED_EDGE('',*,*,#2992,.T.);
#2495=ORIENTED_EDGE('',*,*,#2993,.F.);
#2496=ORIENTED_EDGE('',*,*,#2994,.T.);
#2497=ORIENTED_EDGE('',*,*,#2989,.T.);
#2498=CARTESIAN_POINT('',(14.105,-4.975,-0.8));
#2499=DIRECTION('',(0.0,0.0,1.0));
#2500=DIRECTION('',(1.0,0.0,0.0));
#2501=SURFACE_STYLE_FILL_AREA(#2995);
#2502=ORIENTED_EDGE('',*,*,#2996,.T.);
#2503=ORIENTED_EDGE('',*,*,#2970,.F.);
#2504=ORIENTED_EDGE('',*,*,#2997,.T.);
#2505=ORIENTED_EDGE('',*,*,#2993,.T.);
#2506=CARTESIAN_POINT('',(0.0,-6.275,-0.8));
#2507=DIRECTION('',(0.0,-1.0,0.0));
#2508=DIRECTION('',(1.0,0.0,0.0));
#2509=SURFACE_STYLE_FILL_AREA(#2998);
#2510=ORIENTED_EDGE('',*,*,#2747,.T.);
#2511=ORIENTED_EDGE('',*,*,#2745,.T.);
#2512=ORIENTED_EDGE('',*,*,#2750,.T.);
#2513=ORIENTED_EDGE('',*,*,#2740,.T.);
#2514=ORIENTED_EDGE('',*,*,#2947,.T.);
#2515=ORIENTED_EDGE('',*,*,#2943,.T.);
#2516=ORIENTED_EDGE('',*,*,#2939,.T.);
#2517=ORIENTED_EDGE('',*,*,#2564,.T.);
#2518=ORIENTED_EDGE('',*,*,#2936,.T.);
#2519=ORIENTED_EDGE('',*,*,#2557,.T.);
#2520=ORIENTED_EDGE('',*,*,#2953,.T.);
#2521=ORIENTED_EDGE('',*,*,#2955,.T.);
#2522=ORIENTED_EDGE('',*,*,#2959,.T.);
#2523=ORIENTED_EDGE('',*,*,#2963,.T.);
#2524=ORIENTED_EDGE('',*,*,#2967,.F.);
#2525=ORIENTED_EDGE('',*,*,#2996,.F.);
#2526=ORIENTED_EDGE('',*,*,#2992,.F.);
#2527=ORIENTED_EDGE('',*,*,#2988,.F.);
#2528=ORIENTED_EDGE('',*,*,#2984,.F.);
#2529=ORIENTED_EDGE('',*,*,#2980,.F.);
#2530=ORIENTED_EDGE('',*,*,#2976,.F.);
#2531=ORIENTED_EDGE('',*,*,#2972,.F.);
#2532=CARTESIAN_POINT('',(-7.21644966006352E-16,0.0,2.22044604925031E-16));
#2533=DIRECTION('',(0.0,0.0,1.0));
#2534=DIRECTION('',(1.0,0.0,0.0));
#2535=SURFACE_STYLE_FILL_AREA(#2999);
#2536=ORIENTED_EDGE('',*,*,#2743,.T.);
#2537=ORIENTED_EDGE('',*,*,#2748,.T.);
#2538=ORIENTED_EDGE('',*,*,#2738,.T.);
#2539=ORIENTED_EDGE('',*,*,#2751,.T.);
#2540=ORIENTED_EDGE('',*,*,#2832,.T.);
#2541=ORIENTED_EDGE('',*,*,#2825,.T.);
#2542=ORIENTED_EDGE('',*,*,#2836,.T.);
#2543=ORIENTED_EDGE('',*,*,#2866,.T.);
#2544=ORIENTED_EDGE('',*,*,#2997,.F.);
#2545=ORIENTED_EDGE('',*,*,#2969,.F.);
#2546=ORIENTED_EDGE('',*,*,#2974,.F.);
#2547=ORIENTED_EDGE('',*,*,#2978,.F.);
#2548=ORIENTED_EDGE('',*,*,#2982,.F.);
#2549=ORIENTED_EDGE('',*,*,#2986,.F.);
#2550=ORIENTED_EDGE('',*,*,#2990,.F.);
#2551=ORIENTED_EDGE('',*,*,#2994,.F.);
#2552=CARTESIAN_POINT('',(-7.21644966006352E-16,0.0,-0.8));
#2553=DIRECTION('',(0.0,0.0,1.0));
#2554=DIRECTION('',(1.0,0.0,0.0));
#2555=FILL_AREA_STYLE('',(#3000));
#2556=EDGE_CURVE('',#3001,#3002,#3003,.T.);
#2557=EDGE_CURVE('',#3004,#3001,#3005,.T.);
#2558=EDGE_CURVE('',#3004,#3006,#3007,.T.);
#2559=EDGE_CURVE('',#3006,#3002,#3008,.T.);
#2560=FILL_AREA_STYLE('',(#3009));
#2561=EDGE_CURVE('',#3010,#3011,#3012,.T.);
#2562=EDGE_CURVE('',#3010,#3013,#3014,.T.);
#2563=EDGE_CURVE('',#3015,#3013,#3016,.T.);
#2564=EDGE_CURVE('',#3011,#3015,#3017,.T.);
#2565=FILL_AREA_STYLE('',(#3018));
#2566=EDGE_CURVE('',#3019,#3020,#3021,.T.);
#2567=EDGE_CURVE('',#3022,#3019,#3023,.T.);
#2568=EDGE_CURVE('',#3024,#3022,#3025,.T.);
#2569=EDGE_CURVE('',#3020,#3024,#3026,.T.);
#2570=FILL_AREA_STYLE('',(#3027));
#2571=EDGE_CURVE('',#3020,#3028,#3029,.T.);
#2572=EDGE_CURVE('',#3030,#3024,#3031,.T.);
#2573=EDGE_CURVE('',#3028,#3030,#3032,.T.);
#2574=FILL_AREA_STYLE('',(#3033));
#2575=EDGE_CURVE('',#3034,#3035,#3036,.T.);
#2576=EDGE_CURVE('',#3037,#3034,#3038,.T.);
#2577=EDGE_CURVE('',#3039,#3037,#3040,.T.);
#2578=EDGE_CURVE('',#3035,#3039,#3041,.T.);
#2579=FILL_AREA_STYLE('',(#3042));
#2580=EDGE_CURVE('',#3035,#3043,#3044,.T.);
#2581=EDGE_CURVE('',#3045,#3039,#3046,.T.);
#2582=EDGE_CURVE('',#3043,#3045,#3047,.T.);
#2583=FILL_AREA_STYLE('',(#3048));
#2584=EDGE_CURVE('',#3049,#3050,#3051,.T.);
#2585=EDGE_CURVE('',#3052,#3049,#3053,.T.);
#2586=EDGE_CURVE('',#3054,#3052,#3055,.T.);
#2587=EDGE_CURVE('',#3050,#3054,#3056,.T.);
#2588=FILL_AREA_STYLE('',(#3057));
#2589=EDGE_CURVE('',#3050,#3058,#3059,.T.);
#2590=EDGE_CURVE('',#3060,#3054,#3061,.T.);
#2591=EDGE_CURVE('',#3058,#3060,#3062,.T.);
#2592=FILL_AREA_STYLE('',(#3063));
#2593=EDGE_CURVE('',#3064,#3065,#3066,.T.);
#2594=EDGE_CURVE('',#3067,#3064,#3068,.T.);
#2595=EDGE_CURVE('',#3069,#3067,#3070,.T.);
#2596=EDGE_CURVE('',#3065,#3069,#3071,.T.);
#2597=FILL_AREA_STYLE('',(#3072));
#2598=EDGE_CURVE('',#3065,#3073,#3074,.T.);
#2599=EDGE_CURVE('',#3075,#3069,#3076,.T.);
#2600=EDGE_CURVE('',#3073,#3075,#3077,.T.);
#2601=FILL_AREA_STYLE('',(#3078));
#2602=EDGE_CURVE('',#3079,#3080,#3081,.T.);
#2603=EDGE_CURVE('',#3082,#3079,#3083,.T.);
#2604=EDGE_CURVE('',#3084,#3082,#3085,.T.);
#2605=EDGE_CURVE('',#3080,#3084,#3086,.T.);
#2606=FILL_AREA_STYLE('',(#3087));
#2607=EDGE_CURVE('',#3080,#3088,#3089,.T.);
#2608=EDGE_CURVE('',#3090,#3084,#3091,.T.);
#2609=EDGE_CURVE('',#3088,#3090,#3092,.T.);
#2610=FILL_AREA_STYLE('',(#3093));
#2611=EDGE_CURVE('',#3094,#3095,#3096,.T.);
#2612=EDGE_CURVE('',#3097,#3094,#3098,.T.);
#2613=EDGE_CURVE('',#3099,#3097,#3100,.T.);
#2614=EDGE_CURVE('',#3095,#3099,#3101,.T.);
#2615=FILL_AREA_STYLE('',(#3102));
#2616=EDGE_CURVE('',#3095,#3103,#3104,.T.);
#2617=EDGE_CURVE('',#3105,#3099,#3106,.T.);
#2618=EDGE_CURVE('',#3103,#3105,#3107,.T.);
#2619=FILL_AREA_STYLE('',(#3108));
#2620=EDGE_CURVE('',#3109,#3110,#3111,.T.);
#2621=EDGE_CURVE('',#3112,#3109,#3113,.T.);
#2622=EDGE_CURVE('',#3114,#3112,#3115,.T.);
#2623=EDGE_CURVE('',#3110,#3114,#3116,.T.);
#2624=FILL_AREA_STYLE('',(#3117));
#2625=EDGE_CURVE('',#3110,#3118,#3119,.T.);
#2626=EDGE_CURVE('',#3120,#3114,#3121,.T.);
#2627=EDGE_CURVE('',#3118,#3120,#3122,.T.);
#2628=FILL_AREA_STYLE('',(#3123));
#2629=EDGE_CURVE('',#3124,#3125,#3126,.T.);
#2630=EDGE_CURVE('',#3127,#3124,#3128,.T.);
#2631=EDGE_CURVE('',#3129,#3127,#3130,.T.);
#2632=EDGE_CURVE('',#3125,#3129,#3131,.T.);
#2633=FILL_AREA_STYLE('',(#3132));
#2634=EDGE_CURVE('',#3125,#3133,#3134,.T.);
#2635=EDGE_CURVE('',#3135,#3129,#3136,.T.);
#2636=EDGE_CURVE('',#3133,#3135,#3137,.T.);
#2637=FILL_AREA_STYLE('',(#3138));
#2638=EDGE_CURVE('',#3139,#3140,#3141,.T.);
#2639=EDGE_CURVE('',#3142,#3139,#3143,.T.);
#2640=EDGE_CURVE('',#3144,#3142,#3145,.T.);
#2641=EDGE_CURVE('',#3140,#3144,#3146,.T.);
#2642=FILL_AREA_STYLE('',(#3147));
#2643=EDGE_CURVE('',#3140,#3148,#3149,.T.);
#2644=EDGE_CURVE('',#3150,#3144,#3151,.T.);
#2645=EDGE_CURVE('',#3148,#3150,#3152,.T.);
#2646=FILL_AREA_STYLE('',(#3153));
#2647=EDGE_CURVE('',#3154,#3155,#3156,.T.);
#2648=EDGE_CURVE('',#3154,#3157,#3158,.T.);
#2649=EDGE_CURVE('',#3159,#3157,#3160,.T.);
#2650=EDGE_CURVE('',#3155,#3159,#3161,.T.);
#2651=FILL_AREA_STYLE('',(#3162));
#2652=EDGE_CURVE('',#3163,#3164,#3165,.T.);
#2653=EDGE_CURVE('',#3163,#3166,#3167,.T.);
#2654=EDGE_CURVE('',#3168,#3166,#3169,.T.);
#2655=EDGE_CURVE('',#3164,#3168,#3170,.T.);
#2656=FILL_AREA_STYLE('',(#3171));
#2657=EDGE_CURVE('',#3172,#3173,#3174,.T.);
#2658=EDGE_CURVE('',#3172,#3175,#3176,.T.);
#2659=EDGE_CURVE('',#3177,#3175,#3178,.T.);
#2660=EDGE_CURVE('',#3173,#3177,#3179,.T.);
#2661=FILL_AREA_STYLE('',(#3180));
#2662=EDGE_CURVE('',#3181,#3182,#3183,.T.);
#2663=EDGE_CURVE('',#3181,#3184,#3185,.T.);
#2664=EDGE_CURVE('',#3186,#3184,#3187,.T.);
#2665=EDGE_CURVE('',#3182,#3186,#3188,.T.);
#2666=FILL_AREA_STYLE('',(#3189));
#2667=EDGE_CURVE('',#3190,#3191,#3192,.T.);
#2668=EDGE_CURVE('',#3190,#3193,#3194,.T.);
#2669=EDGE_CURVE('',#3195,#3193,#3196,.T.);
#2670=EDGE_CURVE('',#3191,#3195,#3197,.T.);
#2671=FILL_AREA_STYLE('',(#3198));
#2672=EDGE_CURVE('',#3199,#3200,#3201,.T.);
#2673=EDGE_CURVE('',#3199,#3202,#3203,.T.);
#2674=EDGE_CURVE('',#3204,#3202,#3205,.T.);
#2675=EDGE_CURVE('',#3200,#3204,#3206,.T.);
#2676=FILL_AREA_STYLE('',(#3207));
#2677=EDGE_CURVE('',#3208,#3209,#3210,.T.);
#2678=EDGE_CURVE('',#3208,#3211,#3212,.T.);
#2679=EDGE_CURVE('',#3213,#3211,#3214,.T.);
#2680=EDGE_CURVE('',#3209,#3213,#3215,.T.);
#2681=FILL_AREA_STYLE('',(#3216));
#2682=EDGE_CURVE('',#3217,#3218,#3219,.T.);
#2683=EDGE_CURVE('',#3217,#3220,#3221,.T.);
#2684=EDGE_CURVE('',#3222,#3220,#3223,.T.);
#2685=EDGE_CURVE('',#3218,#3222,#3224,.T.);
#2686=FILL_AREA_STYLE('',(#3225));
#2687=EDGE_CURVE('',#3226,#3227,#3228,.T.);
#2688=EDGE_CURVE('',#3226,#3229,#3230,.T.);
#2689=EDGE_CURVE('',#3231,#3229,#3232,.T.);
#2690=EDGE_CURVE('',#3227,#3231,#3233,.T.);
#2691=FILL_AREA_STYLE('',(#3234));
#2692=EDGE_CURVE('',#3235,#3236,#3237,.T.);
#2693=EDGE_CURVE('',#3235,#3238,#3239,.T.);
#2694=EDGE_CURVE('',#3240,#3238,#3241,.T.);
#2695=EDGE_CURVE('',#3236,#3240,#3242,.T.);
#2696=FILL_AREA_STYLE('',(#3243));
#2697=EDGE_CURVE('',#3244,#3245,#3246,.T.);
#2698=EDGE_CURVE('',#3244,#3247,#3248,.T.);
#2699=EDGE_CURVE('',#3249,#3247,#3250,.T.);
#2700=EDGE_CURVE('',#3245,#3249,#3251,.T.);
#2701=FILL_AREA_STYLE('',(#3252));
#2702=EDGE_CURVE('',#3253,#3254,#3255,.T.);
#2703=EDGE_CURVE('',#3253,#3256,#3257,.T.);
#2704=EDGE_CURVE('',#3258,#3256,#3259,.T.);
#2705=EDGE_CURVE('',#3254,#3258,#3260,.T.);
#2706=FILL_AREA_STYLE('',(#3261));
#2707=EDGE_CURVE('',#3262,#3263,#3264,.T.);
#2708=EDGE_CURVE('',#3262,#3265,#3266,.T.);
#2709=EDGE_CURVE('',#3267,#3265,#3268,.T.);
#2710=EDGE_CURVE('',#3263,#3267,#3269,.T.);
#2711=FILL_AREA_STYLE('',(#3270));
#2712=EDGE_CURVE('',#3271,#3272,#3273,.T.);
#2713=EDGE_CURVE('',#3271,#3274,#3275,.T.);
#2714=EDGE_CURVE('',#3276,#3274,#3277,.T.);
#2715=EDGE_CURVE('',#3272,#3276,#3278,.T.);
#2716=FILL_AREA_STYLE('',(#3279));
#2717=EDGE_CURVE('',#3280,#3281,#3282,.T.);
#2718=EDGE_CURVE('',#3280,#3283,#3284,.T.);
#2719=EDGE_CURVE('',#3285,#3283,#3286,.T.);
#2720=EDGE_CURVE('',#3281,#3285,#3287,.T.);
#2721=FILL_AREA_STYLE('',(#3288));
#2722=EDGE_CURVE('',#3289,#3290,#3291,.T.);
#2723=EDGE_CURVE('',#3289,#3292,#3293,.T.);
#2724=EDGE_CURVE('',#3294,#3292,#3295,.T.);
#2725=EDGE_CURVE('',#3290,#3294,#3296,.T.);
#2726=FILL_AREA_STYLE('',(#3297));
#2727=EDGE_CURVE('',#3298,#3299,#3300,.T.);
#2728=EDGE_CURVE('',#3298,#3301,#3302,.T.);
#2729=EDGE_CURVE('',#3303,#3301,#3304,.T.);
#2730=EDGE_CURVE('',#3299,#3303,#3305,.T.);
#2731=FILL_AREA_STYLE('',(#3306));
#2732=EDGE_CURVE('',#3307,#3308,#3309,.T.);
#2733=EDGE_CURVE('',#3307,#3310,#3311,.T.);
#2734=EDGE_CURVE('',#3312,#3310,#3313,.T.);
#2735=EDGE_CURVE('',#3308,#3312,#3314,.T.);
#2736=FILL_AREA_STYLE('',(#3315));
#2737=EDGE_CURVE('',#3316,#3317,#3318,.T.);
#2738=EDGE_CURVE('',#3319,#3316,#3320,.T.);
#2739=EDGE_CURVE('',#3321,#3319,#3322,.T.);
#2740=EDGE_CURVE('',#3317,#3321,#3323,.T.);
#2741=FILL_AREA_STYLE('',(#3324));
#2742=EDGE_CURVE('',#3325,#3326,#3327,.T.);
#2743=EDGE_CURVE('',#3328,#3325,#3329,.T.);
#2744=EDGE_CURVE('',#3330,#3328,#3331,.T.);
#2745=EDGE_CURVE('',#3326,#3330,#3332,.T.);
#2746=FILL_AREA_STYLE('',(#3333));
#2747=EDGE_CURVE('',#3330,#3326,#3334,.T.);
#2748=EDGE_CURVE('',#3325,#3328,#3335,.T.);
#2749=FILL_AREA_STYLE('',(#3336));
#2750=EDGE_CURVE('',#3321,#3317,#3337,.T.);
#2751=EDGE_CURVE('',#3316,#3319,#3338,.T.);
#2752=FILL_AREA_STYLE('',(#3339));
#2753=EDGE_CURVE('',#3312,#3308,#3340,.T.);
#2754=EDGE_CURVE('',#3310,#3307,#3341,.T.);
#2755=FILL_AREA_STYLE('',(#3342));
#2756=EDGE_CURVE('',#3303,#3299,#3343,.T.);
#2757=EDGE_CURVE('',#3301,#3298,#3344,.T.);
#2758=FILL_AREA_STYLE('',(#3345));
#2759=FILL_AREA_STYLE('',(#3346));
#2760=FILL_AREA_STYLE('',(#3347));
#2761=EDGE_CURVE('',#3294,#3290,#3348,.T.);
#2762=EDGE_CURVE('',#3292,#3289,#3349,.T.);
#2763=FILL_AREA_STYLE('',(#3350));
#2764=EDGE_CURVE('',#3285,#3281,#3351,.T.);
#2765=EDGE_CURVE('',#3283,#3280,#3352,.T.);
#2766=FILL_AREA_STYLE('',(#3353));
#2767=FILL_AREA_STYLE('',(#3354));
#2768=FILL_AREA_STYLE('',(#3355));
#2769=EDGE_CURVE('',#3276,#3272,#3356,.T.);
#2770=EDGE_CURVE('',#3274,#3271,#3357,.T.);
#2771=FILL_AREA_STYLE('',(#3358));
#2772=EDGE_CURVE('',#3267,#3263,#3359,.T.);
#2773=EDGE_CURVE('',#3265,#3262,#3360,.T.);
#2774=FILL_AREA_STYLE('',(#3361));
#2775=FILL_AREA_STYLE('',(#3362));
#2776=FILL_AREA_STYLE('',(#3363));
#2777=EDGE_CURVE('',#3258,#3254,#3364,.T.);
#2778=EDGE_CURVE('',#3256,#3253,#3365,.T.);
#2779=FILL_AREA_STYLE('',(#3366));
#2780=EDGE_CURVE('',#3249,#3245,#3367,.T.);
#2781=EDGE_CURVE('',#3247,#3244,#3368,.T.);
#2782=FILL_AREA_STYLE('',(#3369));
#2783=FILL_AREA_STYLE('',(#3370));
#2784=FILL_AREA_STYLE('',(#3371));
#2785=EDGE_CURVE('',#3240,#3236,#3372,.T.);
#2786=EDGE_CURVE('',#3238,#3235,#3373,.T.);
#2787=FILL_AREA_STYLE('',(#3374));
#2788=EDGE_CURVE('',#3231,#3227,#3375,.T.);
#2789=EDGE_CURVE('',#3229,#3226,#3376,.T.);
#2790=FILL_AREA_STYLE('',(#3377));
#2791=FILL_AREA_STYLE('',(#3378));
#2792=FILL_AREA_STYLE('',(#3379));
#2793=EDGE_CURVE('',#3222,#3218,#3380,.T.);
#2794=EDGE_CURVE('',#3220,#3217,#3381,.T.);
#2795=FILL_AREA_STYLE('',(#3382));
#2796=EDGE_CURVE('',#3213,#3209,#3383,.T.);
#2797=EDGE_CURVE('',#3211,#3208,#3384,.T.);
#2798=FILL_AREA_STYLE('',(#3385));
#2799=FILL_AREA_STYLE('',(#3386));
#2800=FILL_AREA_STYLE('',(#3387));
#2801=EDGE_CURVE('',#3204,#3200,#3388,.T.);
#2802=EDGE_CURVE('',#3202,#3199,#3389,.T.);
#2803=FILL_AREA_STYLE('',(#3390));
#2804=EDGE_CURVE('',#3195,#3191,#3391,.T.);
#2805=EDGE_CURVE('',#3193,#3190,#3392,.T.);
#2806=FILL_AREA_STYLE('',(#3393));
#2807=FILL_AREA_STYLE('',(#3394));
#2808=FILL_AREA_STYLE('',(#3395));
#2809=EDGE_CURVE('',#3186,#3182,#3396,.T.);
#2810=EDGE_CURVE('',#3184,#3181,#3397,.T.);
#2811=FILL_AREA_STYLE('',(#3398));
#2812=EDGE_CURVE('',#3177,#3173,#3399,.T.);
#2813=EDGE_CURVE('',#3175,#3172,#3400,.T.);
#2814=FILL_AREA_STYLE('',(#3401));
#2815=FILL_AREA_STYLE('',(#3402));
#2816=FILL_AREA_STYLE('',(#3403));
#2817=EDGE_CURVE('',#3168,#3164,#3404,.T.);
#2818=EDGE_CURVE('',#3166,#3163,#3405,.T.);
#2819=FILL_AREA_STYLE('',(#3406));
#2820=EDGE_CURVE('',#3159,#3155,#3407,.T.);
#2821=EDGE_CURVE('',#3157,#3154,#3408,.T.);
#2822=FILL_AREA_STYLE('',(#3409));
#2823=FILL_AREA_STYLE('',(#3410));
#2824=FILL_AREA_STYLE('',(#3411));
#2825=EDGE_CURVE('',#3412,#3413,#3414,.T.);
#2826=EDGE_CURVE('',#3415,#3412,#3416,.T.);
#2827=EDGE_CURVE('',#3417,#3415,#3418,.T.);
#2828=EDGE_CURVE('',#3417,#3419,#3420,.T.);
#2829=EDGE_CURVE('',#3421,#3419,#3422,.T.);
#2830=EDGE_CURVE('',#3413,#3421,#3423,.T.);
#2831=FILL_AREA_STYLE('',(#3424));
#2832=EDGE_CURVE('',#3425,#3412,#3426,.T.);
#2833=EDGE_CURVE('',#3425,#3427,#3428,.T.);
#2834=EDGE_CURVE('',#3415,#3427,#3429,.T.);
#2835=FILL_AREA_STYLE('',(#3430));
#2836=EDGE_CURVE('',#3413,#3431,#3432,.T.);
#2837=EDGE_CURVE('',#3421,#3433,#3434,.T.);
#2838=EDGE_CURVE('',#3433,#3431,#3435,.T.);
#2839=FILL_AREA_STYLE('',(#3436));
#2840=EDGE_CURVE('',#3437,#3438,#3439,.T.);
#2841=EDGE_CURVE('',#3440,#3438,#3441,.T.);
#2842=EDGE_CURVE('',#3440,#3442,#3443,.T.);
#2843=EDGE_CURVE('',#3442,#3437,#3444,.T.);
#2844=FILL_AREA_STYLE('',(#3445));
#2845=EDGE_CURVE('',#3446,#3437,#3447,.T.);
#2846=EDGE_CURVE('',#3442,#3448,#3449,.T.);
#2847=EDGE_CURVE('',#3448,#3446,#3450,.T.);
#2848=FILL_AREA_STYLE('',(#3451));
#2849=EDGE_CURVE('',#3452,#3453,#3454,.T.);
#2850=EDGE_CURVE('',#3455,#3453,#3456,.T.);
#2851=EDGE_CURVE('',#3455,#3457,#3458,.T.);
#2852=EDGE_CURVE('',#3457,#3452,#3459,.T.);
#2853=FILL_AREA_STYLE('',(#3460));
#2854=EDGE_CURVE('',#3453,#3461,#3462,.T.);
#2855=EDGE_CURVE('',#3463,#3461,#3464,.T.);
#2856=EDGE_CURVE('',#3463,#3455,#3465,.T.);
#2857=FILL_AREA_STYLE('',(#3466));
#2858=EDGE_CURVE('',#3467,#3433,#3468,.T.);
#2859=EDGE_CURVE('',#3419,#3463,#3469,.T.);
#2860=EDGE_CURVE('',#3461,#3467,#3470,.T.);
#2861=FILL_AREA_STYLE('',(#3471));
#2862=EDGE_CURVE('',#3472,#3446,#3473,.T.);
#2863=EDGE_CURVE('',#3448,#3417,#3474,.T.);
#2864=EDGE_CURVE('',#3427,#3472,#3475,.T.);
#2865=FILL_AREA_STYLE('',(#3476));
#2866=EDGE_CURVE('',#3431,#3425,#3477,.T.);
#2867=EDGE_CURVE('',#3472,#3467,#3478,.T.);
#2868=FILL_AREA_STYLE('',(#3479));
#2869=EDGE_CURVE('',#3446,#3461,#3480,.T.);
#2870=FILL_AREA_STYLE('',(#3481));
#2871=EDGE_CURVE('',#3437,#3453,#3482,.T.);
#2872=FILL_AREA_STYLE('',(#3483));
#2873=EDGE_CURVE('',#3438,#3452,#3484,.T.);
#2874=FILL_AREA_STYLE('',(#3485));
#2875=EDGE_CURVE('',#3440,#3457,#3486,.T.);
#2876=FILL_AREA_STYLE('',(#3487));
#2877=EDGE_CURVE('',#3442,#3455,#3488,.T.);
#2878=FILL_AREA_STYLE('',(#3489));
#2879=EDGE_CURVE('',#3448,#3463,#3490,.T.);
#2880=FILL_AREA_STYLE('',(#3491));
#2881=FILL_AREA_STYLE('',(#3492));
#2882=EDGE_CURVE('',#3150,#3148,#3493,.T.);
#2883=FILL_AREA_STYLE('',(#3494));
#2884=EDGE_CURVE('',#3144,#3140,#3495,.T.);
#2885=FILL_AREA_STYLE('',(#3496));
#2886=EDGE_CURVE('',#3139,#3142,#3497,.T.);
#2887=FILL_AREA_STYLE('',(#3498));
#2888=EDGE_CURVE('',#3135,#3133,#3499,.T.);
#2889=FILL_AREA_STYLE('',(#3500));
#2890=EDGE_CURVE('',#3129,#3125,#3501,.T.);
#2891=FILL_AREA_STYLE('',(#3502));
#2892=EDGE_CURVE('',#3124,#3127,#3503,.T.);
#2893=FILL_AREA_STYLE('',(#3504));
#2894=EDGE_CURVE('',#3120,#3118,#3505,.T.);
#2895=FILL_AREA_STYLE('',(#3506));
#2896=EDGE_CURVE('',#3114,#3110,#3507,.T.);
#2897=FILL_AREA_STYLE('',(#3508));
#2898=EDGE_CURVE('',#3109,#3112,#3509,.T.);
#2899=FILL_AREA_STYLE('',(#3510));
#2900=EDGE_CURVE('',#3105,#3103,#3511,.T.);
#2901=FILL_AREA_STYLE('',(#3512));
#2902=EDGE_CURVE('',#3099,#3095,#3513,.T.);
#2903=FILL_AREA_STYLE('',(#3514));
#2904=EDGE_CURVE('',#3094,#3097,#3515,.T.);
#2905=FILL_AREA_STYLE('',(#3516));
#2906=EDGE_CURVE('',#3090,#3088,#3517,.T.);
#2907=FILL_AREA_STYLE('',(#3518));
#2908=EDGE_CURVE('',#3084,#3080,#3519,.T.);
#2909=FILL_AREA_STYLE('',(#3520));
#2910=EDGE_CURVE('',#3079,#3082,#3521,.T.);
#2911=FILL_AREA_STYLE('',(#3522));
#2912=EDGE_CURVE('',#3075,#3073,#3523,.T.);
#2913=FILL_AREA_STYLE('',(#3524));
#2914=EDGE_CURVE('',#3069,#3065,#3525,.T.);
#2915=FILL_AREA_STYLE('',(#3526));
#2916=EDGE_CURVE('',#3064,#3067,#3527,.T.);
#2917=FILL_AREA_STYLE('',(#3528));
#2918=EDGE_CURVE('',#3060,#3058,#3529,.T.);
#2919=FILL_AREA_STYLE('',(#3530));
#2920=EDGE_CURVE('',#3054,#3050,#3531,.T.);
#2921=FILL_AREA_STYLE('',(#3532));
#2922=EDGE_CURVE('',#3049,#3052,#3533,.T.);
#2923=FILL_AREA_STYLE('',(#3534));
#2924=EDGE_CURVE('',#3045,#3043,#3535,.T.);
#2925=FILL_AREA_STYLE('',(#3536));
#2926=EDGE_CURVE('',#3039,#3035,#3537,.T.);
#2927=FILL_AREA_STYLE('',(#3538));
#2928=EDGE_CURVE('',#3034,#3037,#3539,.T.);
#2929=FILL_AREA_STYLE('',(#3540));
#2930=EDGE_CURVE('',#3030,#3028,#3541,.T.);
#2931=FILL_AREA_STYLE('',(#3542));
#2932=EDGE_CURVE('',#3024,#3020,#3543,.T.);
#2933=FILL_AREA_STYLE('',(#3544));
#2934=EDGE_CURVE('',#3019,#3022,#3545,.T.);
#2935=FILL_AREA_STYLE('',(#3546));
#2936=EDGE_CURVE('',#3015,#3004,#3547,.T.);
#2937=EDGE_CURVE('',#3013,#3006,#3548,.T.);
#2938=FILL_AREA_STYLE('',(#3549));
#2939=EDGE_CURVE('',#3550,#3011,#3551,.T.);
#2940=EDGE_CURVE('',#3550,#3552,#3553,.T.);
#2941=EDGE_CURVE('',#3552,#3010,#3554,.T.);
#2942=FILL_AREA_STYLE('',(#3555));
#2943=EDGE_CURVE('',#3556,#3550,#3557,.T.);
#2944=EDGE_CURVE('',#3556,#3558,#3559,.T.);
#2945=EDGE_CURVE('',#3558,#3552,#3560,.T.);
#2946=FILL_AREA_STYLE('',(#3561));
#2947=EDGE_CURVE('',#3562,#3556,#3563,.T.);
#2948=EDGE_CURVE('',#3562,#3564,#3565,.T.);
#2949=EDGE_CURVE('',#3564,#3558,#3566,.T.);
#2950=FILL_AREA_STYLE('',(#3567));
#2951=EDGE_CURVE('',#3002,#3568,#3569,.T.);
#2952=EDGE_CURVE('',#3570,#3568,#3571,.T.);
#2953=EDGE_CURVE('',#3001,#3570,#3572,.T.);
#2954=FILL_AREA_STYLE('',(#3573));
#2955=EDGE_CURVE('',#3570,#3574,#3575,.T.);
#2956=EDGE_CURVE('',#3568,#3576,#3577,.T.);
#2957=EDGE_CURVE('',#3574,#3576,#3578,.T.);
#2958=FILL_AREA_STYLE('',(#3579));
#2959=EDGE_CURVE('',#3574,#3580,#3581,.T.);
#2960=EDGE_CURVE('',#3576,#3582,#3583,.T.);
#2961=EDGE_CURVE('',#3580,#3582,#3584,.T.);
#2962=FILL_AREA_STYLE('',(#3585));
#2963=EDGE_CURVE('',#3580,#3562,#3586,.T.);
#2964=EDGE_CURVE('',#3582,#3564,#3587,.T.);
#2965=FILL_AREA_STYLE('',(#3588));
#2966=FILL_AREA_STYLE('',(#3589));
#2967=EDGE_CURVE('',#3590,#3591,#3592,.T.);
#2968=EDGE_CURVE('',#3593,#3591,#3594,.T.);
#2969=EDGE_CURVE('',#3593,#3595,#3596,.T.);
#2970=EDGE_CURVE('',#3595,#3590,#3597,.T.);
#2971=FILL_AREA_STYLE('',(#3598));
#2972=EDGE_CURVE('',#3591,#3599,#3600,.T.);
#2973=EDGE_CURVE('',#3601,#3599,#3602,.T.);
#2974=EDGE_CURVE('',#3601,#3593,#3603,.T.);
#2975=FILL_AREA_STYLE('',(#3604));
#2976=EDGE_CURVE('',#3599,#3605,#3606,.T.);
#2977=EDGE_CURVE('',#3607,#3605,#3608,.T.);
#2978=EDGE_CURVE('',#3607,#3601,#3609,.T.);
#2979=FILL_AREA_STYLE('',(#3610));
#2980=EDGE_CURVE('',#3605,#3611,#3612,.T.);
#2981=EDGE_CURVE('',#3613,#3611,#3614,.T.);
#2982=EDGE_CURVE('',#3613,#3607,#3615,.T.);
#2983=FILL_AREA_STYLE('',(#3616));
#2984=EDGE_CURVE('',#3611,#3617,#3618,.T.);
#2985=EDGE_CURVE('',#3619,#3617,#3620,.T.);
#2986=EDGE_CURVE('',#3619,#3613,#3621,.T.);
#2987=FILL_AREA_STYLE('',(#3622));
#2988=EDGE_CURVE('',#3617,#3623,#3624,.T.);
#2989=EDGE_CURVE('',#3625,#3623,#3626,.T.);
#2990=EDGE_CURVE('',#3625,#3619,#3627,.T.);
#2991=FILL_AREA_STYLE('',(#3628));
#2992=EDGE_CURVE('',#3623,#3629,#3630,.T.);
#2993=EDGE_CURVE('',#3631,#3629,#3632,.T.);
#2994=EDGE_CURVE('',#3631,#3625,#3633,.T.);
#2995=FILL_AREA_STYLE('',(#3634));
#2996=EDGE_CURVE('',#3629,#3590,#3635,.T.);
#2997=EDGE_CURVE('',#3595,#3631,#3636,.T.);
#2998=FILL_AREA_STYLE('',(#3637));
#2999=FILL_AREA_STYLE('',(#3638));
#3000=FILL_AREA_STYLE_COLOUR('',#3639);
#3001=VERTEX_POINT('',#3640);
#3002=VERTEX_POINT('',#3641);
#3003=LINE('',#3642,#3643);
#3004=VERTEX_POINT('',#3644);
#3005=CIRCLE('',#3645,2.0);
#3006=VERTEX_POINT('',#3646);
#3007=LINE('',#3647,#3648);
#3008=CIRCLE('',#3649,2.0);
#3009=FILL_AREA_STYLE_COLOUR('',#3650);
#3010=VERTEX_POINT('',#3651);
#3011=VERTEX_POINT('',#3652);
#3012=LINE('',#3653,#3654);
#3013=VERTEX_POINT('',#3655);
#3014=CIRCLE('',#3656,2.0);
#3015=VERTEX_POINT('',#3657);
#3016=LINE('',#3658,#3659);
#3017=CIRCLE('',#3660,2.0);
#3018=FILL_AREA_STYLE_COLOUR('',#3661);
#3019=VERTEX_POINT('',#3662);
#3020=VERTEX_POINT('',#3663);
#3021=LINE('',#3664,#3665);
#3022=VERTEX_POINT('',#3666);
#3023=CIRCLE('',#3667,0.739999999999997);
#3024=VERTEX_POINT('',#3668);
#3025=LINE('',#3669,#3670);
#3026=CIRCLE('',#3671,0.5);
#3027=FILL_AREA_STYLE_COLOUR('',#3672);
#3028=VERTEX_POINT('',#3673);
#3029=LINE('',#3674,#3675);
#3030=VERTEX_POINT('',#3676);
#3031=LINE('',#3677,#3678);
#3032=CIRCLE('',#3679,0.5);
#3033=FILL_AREA_STYLE_COLOUR('',#3680);
#3034=VERTEX_POINT('',#3681);
#3035=VERTEX_POINT('',#3682);
#3036=LINE('',#3683,#3684);
#3037=VERTEX_POINT('',#3685);
#3038=CIRCLE('',#3686,0.739999999999997);
#3039=VERTEX_POINT('',#3687);
#3040=LINE('',#3688,#3689);
#3041=CIRCLE('',#3690,0.5);
#3042=FILL_AREA_STYLE_COLOUR('',#3691);
#3043=VERTEX_POINT('',#3692);
#3044=LINE('',#3693,#3694);
#3045=VERTEX_POINT('',#3695);
#3046=LINE('',#3696,#3697);
#3047=CIRCLE('',#3698,0.5);
#3048=FILL_AREA_STYLE_COLOUR('',#3699);
#3049=VERTEX_POINT('',#3700);
#3050=VERTEX_POINT('',#3701);
#3051=LINE('',#3702,#3703);
#3052=VERTEX_POINT('',#3704);
#3053=CIRCLE('',#3705,0.739999999999997);
#3054=VERTEX_POINT('',#3706);
#3055=LINE('',#3707,#3708);
#3056=CIRCLE('',#3709,0.5);
#3057=FILL_AREA_STYLE_COLOUR('',#3710);
#3058=VERTEX_POINT('',#3711);
#3059=LINE('',#3712,#3713);
#3060=VERTEX_POINT('',#3714);
#3061=LINE('',#3715,#3716);
#3062=CIRCLE('',#3717,0.5);
#3063=FILL_AREA_STYLE_COLOUR('',#3718);
#3064=VERTEX_POINT('',#3719);
#3065=VERTEX_POINT('',#3720);
#3066=LINE('',#3721,#3722);
#3067=VERTEX_POINT('',#3723);
#3068=CIRCLE('',#3724,0.739999999999997);
#3069=VERTEX_POINT('',#3725);
#3070=LINE('',#3726,#3727);
#3071=CIRCLE('',#3728,0.5);
#3072=FILL_AREA_STYLE_COLOUR('',#3729);
#3073=VERTEX_POINT('',#3730);
#3074=LINE('',#3731,#3732);
#3075=VERTEX_POINT('',#3733);
#3076=LINE('',#3734,#3735);
#3077=CIRCLE('',#3736,0.5);
#3078=FILL_AREA_STYLE_COLOUR('',#3737);
#3079=VERTEX_POINT('',#3738);
#3080=VERTEX_POINT('',#3739);
#3081=LINE('',#3740,#3741);
#3082=VERTEX_POINT('',#3742);
#3083=CIRCLE('',#3743,0.739999999999997);
#3084=VERTEX_POINT('',#3744);
#3085=LINE('',#3745,#3746);
#3086=CIRCLE('',#3747,0.5);
#3087=FILL_AREA_STYLE_COLOUR('',#3748);
#3088=VERTEX_POINT('',#3749);
#3089=LINE('',#3750,#3751);
#3090=VERTEX_POINT('',#3752);
#3091=LINE('',#3753,#3754);
#3092=CIRCLE('',#3755,0.5);
#3093=FILL_AREA_STYLE_COLOUR('',#3756);
#3094=VERTEX_POINT('',#3757);
#3095=VERTEX_POINT('',#3758);
#3096=LINE('',#3759,#3760);
#3097=VERTEX_POINT('',#3761);
#3098=CIRCLE('',#3762,0.739999999999997);
#3099=VERTEX_POINT('',#3763);
#3100=LINE('',#3764,#3765);
#3101=CIRCLE('',#3766,0.5);
#3102=FILL_AREA_STYLE_COLOUR('',#3767);
#3103=VERTEX_POINT('',#3768);
#3104=LINE('',#3769,#3770);
#3105=VERTEX_POINT('',#3771);
#3106=LINE('',#3772,#3773);
#3107=CIRCLE('',#3774,0.5);
#3108=FILL_AREA_STYLE_COLOUR('',#3775);
#3109=VERTEX_POINT('',#3776);
#3110=VERTEX_POINT('',#3777);
#3111=LINE('',#3778,#3779);
#3112=VERTEX_POINT('',#3780);
#3113=CIRCLE('',#3781,0.739999999999997);
#3114=VERTEX_POINT('',#3782);
#3115=LINE('',#3783,#3784);
#3116=CIRCLE('',#3785,0.5);
#3117=FILL_AREA_STYLE_COLOUR('',#3786);
#3118=VERTEX_POINT('',#3787);
#3119=LINE('',#3788,#3789);
#3120=VERTEX_POINT('',#3790);
#3121=LINE('',#3791,#3792);
#3122=CIRCLE('',#3793,0.5);
#3123=FILL_AREA_STYLE_COLOUR('',#3794);
#3124=VERTEX_POINT('',#3795);
#3125=VERTEX_POINT('',#3796);
#3126=LINE('',#3797,#3798);
#3127=VERTEX_POINT('',#3799);
#3128=CIRCLE('',#3800,0.739999999999997);
#3129=VERTEX_POINT('',#3801);
#3130=LINE('',#3802,#3803);
#3131=CIRCLE('',#3804,0.5);
#3132=FILL_AREA_STYLE_COLOUR('',#3805);
#3133=VERTEX_POINT('',#3806);
#3134=LINE('',#3807,#3808);
#3135=VERTEX_POINT('',#3809);
#3136=LINE('',#3810,#3811);
#3137=CIRCLE('',#3812,0.5);
#3138=FILL_AREA_STYLE_COLOUR('',#3813);
#3139=VERTEX_POINT('',#3814);
#3140=VERTEX_POINT('',#3815);
#3141=LINE('',#3816,#3817);
#3142=VERTEX_POINT('',#3818);
#3143=CIRCLE('',#3819,0.739999999999997);
#3144=VERTEX_POINT('',#3820);
#3145=LINE('',#3821,#3822);
#3146=CIRCLE('',#3823,0.5);
#3147=FILL_AREA_STYLE_COLOUR('',#3824);
#3148=VERTEX_POINT('',#3825);
#3149=LINE('',#3826,#3827);
#3150=VERTEX_POINT('',#3828);
#3151=LINE('',#3829,#3830);
#3152=CIRCLE('',#3831,0.5);
#3153=FILL_AREA_STYLE_COLOUR('',#3832);
#3154=VERTEX_POINT('',#3833);
#3155=VERTEX_POINT('',#3834);
#3156=LINE('',#3835,#3836);
#3157=VERTEX_POINT('',#3837);
#3158=CIRCLE('',#3838,0.325000000000273);
#3159=VERTEX_POINT('',#3839);
#3160=LINE('',#3840,#3841);
#3161=CIRCLE('',#3842,0.325000000000273);
#3162=FILL_AREA_STYLE_COLOUR('',#3843);
#3163=VERTEX_POINT('',#3844);
#3164=VERTEX_POINT('',#3845);
#3165=LINE('',#3846,#3847);
#3166=VERTEX_POINT('',#3848);
#3167=CIRCLE('',#3849,0.770000000000437);
#3168=VERTEX_POINT('',#3850);
#3169=LINE('',#3851,#3852);
#3170=CIRCLE('',#3853,0.770000000000664);
#3171=FILL_AREA_STYLE_COLOUR('',#3854);
#3172=VERTEX_POINT('',#3855);
#3173=VERTEX_POINT('',#3856);
#3174=LINE('',#3857,#3858);
#3175=VERTEX_POINT('',#3859);
#3176=CIRCLE('',#3860,0.325000000000273);
#3177=VERTEX_POINT('',#3861);
#3178=LINE('',#3862,#3863);
#3179=CIRCLE('',#3864,0.325000000000273);
#3180=FILL_AREA_STYLE_COLOUR('',#3865);
#3181=VERTEX_POINT('',#3866);
#3182=VERTEX_POINT('',#3867);
#3183=LINE('',#3868,#3869);
#3184=VERTEX_POINT('',#3870);
#3185=CIRCLE('',#3871,0.770000000000437);
#3186=VERTEX_POINT('',#3872);
#3187=LINE('',#3873,#3874);
#3188=CIRCLE('',#3875,0.770000000000664);
#3189=FILL_AREA_STYLE_COLOUR('',#3876);
#3190=VERTEX_POINT('',#3877);
#3191=VERTEX_POINT('',#3878);
#3192=LINE('',#3879,#3880);
#3193=VERTEX_POINT('',#3881);
#3194=CIRCLE('',#3882,0.325000000000273);
#3195=VERTEX_POINT('',#3883);
#3196=LINE('',#3884,#3885);
#3197=CIRCLE('',#3886,0.325000000000273);
#3198=FILL_AREA_STYLE_COLOUR('',#3887);
#3199=VERTEX_POINT('',#3888);
#3200=VERTEX_POINT('',#3889);
#3201=LINE('',#3890,#3891);
#3202=VERTEX_POINT('',#3892);
#3203=CIRCLE('',#3893,0.770000000000437);
#3204=VERTEX_POINT('',#3894);
#3205=LINE('',#3895,#3896);
#3206=CIRCLE('',#3897,0.770000000000664);
#3207=FILL_AREA_STYLE_COLOUR('',#3898);
#3208=VERTEX_POINT('',#3899);
#3209=VERTEX_POINT('',#3900);
#3210=LINE('',#3901,#3902);
#3211=VERTEX_POINT('',#3903);
#3212=CIRCLE('',#3904,0.325000000000273);
#3213=VERTEX_POINT('',#3905);
#3214=LINE('',#3906,#3907);
#3215=CIRCLE('',#3908,0.325000000000273);
#3216=FILL_AREA_STYLE_COLOUR('',#3909);
#3217=VERTEX_POINT('',#3910);
#3218=VERTEX_POINT('',#3911);
#3219=LINE('',#3912,#3913);
#3220=VERTEX_POINT('',#3914);
#3221=CIRCLE('',#3915,0.770000000000437);
#3222=VERTEX_POINT('',#3916);
#3223=LINE('',#3917,#3918);
#3224=CIRCLE('',#3919,0.770000000000664);
#3225=FILL_AREA_STYLE_COLOUR('',#3920);
#3226=VERTEX_POINT('',#3921);
#3227=VERTEX_POINT('',#3922);
#3228=LINE('',#3923,#3924);
#3229=VERTEX_POINT('',#3925);
#3230=CIRCLE('',#3926,0.325000000000273);
#3231=VERTEX_POINT('',#3927);
#3232=LINE('',#3928,#3929);
#3233=CIRCLE('',#3930,0.325000000000273);
#3234=FILL_AREA_STYLE_COLOUR('',#3931);
#3235=VERTEX_POINT('',#3932);
#3236=VERTEX_POINT('',#3933);
#3237=LINE('',#3934,#3935);
#3238=VERTEX_POINT('',#3936);
#3239=CIRCLE('',#3937,0.770000000000437);
#3240=VERTEX_POINT('',#3938);
#3241=LINE('',#3939,#3940);
#3242=CIRCLE('',#3941,0.770000000000664);
#3243=FILL_AREA_STYLE_COLOUR('',#3942);
#3244=VERTEX_POINT('',#3943);
#3245=VERTEX_POINT('',#3944);
#3246=LINE('',#3945,#3946);
#3247=VERTEX_POINT('',#3947);
#3248=CIRCLE('',#3948,0.325000000000273);
#3249=VERTEX_POINT('',#3949);
#3250=LINE('',#3950,#3951);
#3251=CIRCLE('',#3952,0.325000000000273);
#3252=FILL_AREA_STYLE_COLOUR('',#3953);
#3253=VERTEX_POINT('',#3954);
#3254=VERTEX_POINT('',#3955);
#3255=LINE('',#3956,#3957);
#3256=VERTEX_POINT('',#3958);
#3257=CIRCLE('',#3959,0.770000000000437);
#3258=VERTEX_POINT('',#3960);
#3259=LINE('',#3961,#3962);
#3260=CIRCLE('',#3963,0.770000000000664);
#3261=FILL_AREA_STYLE_COLOUR('',#3964);
#3262=VERTEX_POINT('',#3965);
#3263=VERTEX_POINT('',#3966);
#3264=LINE('',#3967,#3968);
#3265=VERTEX_POINT('',#3969);
#3266=CIRCLE('',#3970,0.325000000000273);
#3267=VERTEX_POINT('',#3971);
#3268=LINE('',#3972,#3973);
#3269=CIRCLE('',#3974,0.325000000000273);
#3270=FILL_AREA_STYLE_COLOUR('',#3975);
#3271=VERTEX_POINT('',#3976);
#3272=VERTEX_POINT('',#3977);
#3273=LINE('',#3978,#3979);
#3274=VERTEX_POINT('',#3980);
#3275=CIRCLE('',#3981,0.770000000000437);
#3276=VERTEX_POINT('',#3982);
#3277=LINE('',#3983,#3984);
#3278=CIRCLE('',#3985,0.770000000000664);
#3279=FILL_AREA_STYLE_COLOUR('',#3986);
#3280=VERTEX_POINT('',#3987);
#3281=VERTEX_POINT('',#3988);
#3282=LINE('',#3989,#3990);
#3283=VERTEX_POINT('',#3991);
#3284=CIRCLE('',#3992,0.325000000000273);
#3285=VERTEX_POINT('',#3993);
#3286=LINE('',#3994,#3995);
#3287=CIRCLE('',#3996,0.325000000000273);
#3288=FILL_AREA_STYLE_COLOUR('',#3997);
#3289=VERTEX_POINT('',#3998);
#3290=VERTEX_POINT('',#3999);
#3291=LINE('',#4000,#4001);
#3292=VERTEX_POINT('',#4002);
#3293=CIRCLE('',#4003,0.770000000000437);
#3294=VERTEX_POINT('',#4004);
#3295=LINE('',#4005,#4006);
#3296=CIRCLE('',#4007,0.770000000000664);
#3297=FILL_AREA_STYLE_COLOUR('',#4008);
#3298=VERTEX_POINT('',#4009);
#3299=VERTEX_POINT('',#4010);
#3300=LINE('',#4011,#4012);
#3301=VERTEX_POINT('',#4013);
#3302=CIRCLE('',#4014,0.325000000000273);
#3303=VERTEX_POINT('',#4015);
#3304=LINE('',#4016,#4017);
#3305=CIRCLE('',#4018,0.325000000000273);
#3306=FILL_AREA_STYLE_COLOUR('',#4019);
#3307=VERTEX_POINT('',#4020);
#3308=VERTEX_POINT('',#4021);
#3309=LINE('',#4022,#4023);
#3310=VERTEX_POINT('',#4024);
#3311=CIRCLE('',#4025,0.770000000000437);
#3312=VERTEX_POINT('',#4026);
#3313=LINE('',#4027,#4028);
#3314=CIRCLE('',#4029,0.770000000000664);
#3315=FILL_AREA_STYLE_COLOUR('',#4030);
#3316=VERTEX_POINT('',#4031);
#3317=VERTEX_POINT('',#4032);
#3318=LINE('',#4033,#4034);
#3319=VERTEX_POINT('',#4035);
#3320=CIRCLE('',#4036,1.07822999999999);
#3321=VERTEX_POINT('',#4037);
#3322=LINE('',#4038,#4039);
#3323=CIRCLE('',#4040,1.07822999999999);
#3324=FILL_AREA_STYLE_COLOUR('',#4041);
#3325=VERTEX_POINT('',#4042);
#3326=VERTEX_POINT('',#4043);
#3327=LINE('',#4044,#4045);
#3328=VERTEX_POINT('',#4046);
#3329=CIRCLE('',#4047,1.07822999999999);
#3330=VERTEX_POINT('',#4048);
#3331=LINE('',#4049,#4050);
#3332=CIRCLE('',#4051,1.07822999999999);
#3333=FILL_AREA_STYLE_COLOUR('',#4052);
#3334=CIRCLE('',#4053,1.07822999999999);
#3335=CIRCLE('',#4054,1.07822999999999);
#3336=FILL_AREA_STYLE_COLOUR('',#4055);
#3337=CIRCLE('',#4056,1.07822999999999);
#3338=CIRCLE('',#4057,1.07822999999999);
#3339=FILL_AREA_STYLE_COLOUR('',#4058);
#3340=CIRCLE('',#4059,0.770000000000664);
#3341=CIRCLE('',#4060,0.770000000000437);
#3342=FILL_AREA_STYLE_COLOUR('',#4061);
#3343=CIRCLE('',#4062,0.325000000000273);
#3344=CIRCLE('',#4063,0.325000000000273);
#3345=FILL_AREA_STYLE_COLOUR('',#4064);
#3346=FILL_AREA_STYLE_COLOUR('',#4065);
#3347=FILL_AREA_STYLE_COLOUR('',#4066);
#3348=CIRCLE('',#4067,0.770000000000664);
#3349=CIRCLE('',#4068,0.770000000000437);
#3350=FILL_AREA_STYLE_COLOUR('',#4069);
#3351=CIRCLE('',#4070,0.325000000000273);
#3352=CIRCLE('',#4071,0.325000000000273);
#3353=FILL_AREA_STYLE_COLOUR('',#4072);
#3354=FILL_AREA_STYLE_COLOUR('',#4073);
#3355=FILL_AREA_STYLE_COLOUR('',#4074);
#3356=CIRCLE('',#4075,0.770000000000664);
#3357=CIRCLE('',#4076,0.770000000000437);
#3358=FILL_AREA_STYLE_COLOUR('',#4077);
#3359=CIRCLE('',#4078,0.325000000000273);
#3360=CIRCLE('',#4079,0.325000000000273);
#3361=FILL_AREA_STYLE_COLOUR('',#4080);
#3362=FILL_AREA_STYLE_COLOUR('',#4081);
#3363=FILL_AREA_STYLE_COLOUR('',#4082);
#3364=CIRCLE('',#4083,0.770000000000664);
#3365=CIRCLE('',#4084,0.770000000000437);
#3366=FILL_AREA_STYLE_COLOUR('',#4085);
#3367=CIRCLE('',#4086,0.325000000000273);
#3368=CIRCLE('',#4087,0.325000000000273);
#3369=FILL_AREA_STYLE_COLOUR('',#4088);
#3370=FILL_AREA_STYLE_COLOUR('',#4089);
#3371=FILL_AREA_STYLE_COLOUR('',#4090);
#3372=CIRCLE('',#4091,0.770000000000664);
#3373=CIRCLE('',#4092,0.770000000000437);
#3374=FILL_AREA_STYLE_COLOUR('',#4093);
#3375=CIRCLE('',#4094,0.325000000000273);
#3376=CIRCLE('',#4095,0.325000000000273);
#3377=FILL_AREA_STYLE_COLOUR('',#4096);
#3378=FILL_AREA_STYLE_COLOUR('',#4097);
#3379=FILL_AREA_STYLE_COLOUR('',#4098);
#3380=CIRCLE('',#4099,0.770000000000664);
#3381=CIRCLE('',#4100,0.770000000000437);
#3382=FILL_AREA_STYLE_COLOUR('',#4101);
#3383=CIRCLE('',#4102,0.325000000000273);
#3384=CIRCLE('',#4103,0.325000000000273);
#3385=FILL_AREA_STYLE_COLOUR('',#4104);
#3386=FILL_AREA_STYLE_COLOUR('',#4105);
#3387=FILL_AREA_STYLE_COLOUR('',#4106);
#3388=CIRCLE('',#4107,0.770000000000664);
#3389=CIRCLE('',#4108,0.770000000000437);
#3390=FILL_AREA_STYLE_COLOUR('',#4109);
#3391=CIRCLE('',#4110,0.325000000000273);
#3392=CIRCLE('',#4111,0.325000000000273);
#3393=FILL_AREA_STYLE_COLOUR('',#4112);
#3394=FILL_AREA_STYLE_COLOUR('',#4113);
#3395=FILL_AREA_STYLE_COLOUR('',#4114);
#3396=CIRCLE('',#4115,0.770000000000664);
#3397=CIRCLE('',#4116,0.770000000000437);
#3398=FILL_AREA_STYLE_COLOUR('',#4117);
#3399=CIRCLE('',#4118,0.325000000000273);
#3400=CIRCLE('',#4119,0.325000000000273);
#3401=FILL_AREA_STYLE_COLOUR('',#4120);
#3402=FILL_AREA_STYLE_COLOUR('',#4121);
#3403=FILL_AREA_STYLE_COLOUR('',#4122);
#3404=CIRCLE('',#4123,0.770000000000664);
#3405=CIRCLE('',#4124,0.770000000000437);
#3406=FILL_AREA_STYLE_COLOUR('',#4125);
#3407=CIRCLE('',#4126,0.325000000000273);
#3408=CIRCLE('',#4127,0.325000000000273);
#3409=FILL_AREA_STYLE_COLOUR('',#4128);
#3410=FILL_AREA_STYLE_COLOUR('',#4129);
#3411=FILL_AREA_STYLE_COLOUR('',#4130);
#3412=VERTEX_POINT('',#4131);
#3413=VERTEX_POINT('',#4132);
#3414=LINE('',#4133,#4134);
#3415=VERTEX_POINT('',#4135);
#3416=LINE('',#4136,#4137);
#3417=VERTEX_POINT('',#4138);
#3418=CIRCLE('',#4139,2.00191749436025);
#3419=VERTEX_POINT('',#4140);
#3420=LINE('',#4141,#4142);
#3421=VERTEX_POINT('',#4143);
#3422=CIRCLE('',#4144,2.0);
#3423=LINE('',#4145,#4146);
#3424=FILL_AREA_STYLE_COLOUR('',#4147);
#3425=VERTEX_POINT('',#4148);
#3426=LINE('',#4149,#4150);
#3427=VERTEX_POINT('',#4151);
#3428=LINE('',#4152,#4153);
#3429=LINE('',#4154,#4155);
#3430=FILL_AREA_STYLE_COLOUR('',#4156);
#3431=VERTEX_POINT('',#4157);
#3432=LINE('',#4158,#4159);
#3433=VERTEX_POINT('',#4160);
#3434=LINE('',#4161,#4162);
#3435=LINE('',#4163,#4164);
#3436=FILL_AREA_STYLE_COLOUR('',#4165);
#3437=VERTEX_POINT('',#4166);
#3438=VERTEX_POINT('',#4167);
#3439=ELLIPSE('',#4168,0.707106781186547,0.5);
#3440=VERTEX_POINT('',#4169);
#3441=LINE('',#4170,#4171);
#3442=VERTEX_POINT('',#4172);
#3443=ELLIPSE('',#4173,0.707106781186548,0.5);
#3444=LINE('',#4174,#4175);
#3445=FILL_AREA_STYLE_COLOUR('',#4176);
#3446=VERTEX_POINT('',#4177);
#3447=LINE('',#4178,#4179);
#3448=VERTEX_POINT('',#4180);
#3449=LINE('',#4181,#4182);
#3450=LINE('',#4183,#4184);
#3451=FILL_AREA_STYLE_COLOUR('',#4185);
#3452=VERTEX_POINT('',#4186);
#3453=VERTEX_POINT('',#4187);
#3454=ELLIPSE('',#4188,0.707106781186507,0.499999999999943);
#3455=VERTEX_POINT('',#4189);
#3456=LINE('',#4190,#4191);
#3457=VERTEX_POINT('',#4192);
#3458=ELLIPSE('',#4193,0.707106781186507,0.499999999999943);
#3459=LINE('',#4194,#4195);
#3460=FILL_AREA_STYLE_COLOUR('',#4196);
#3461=VERTEX_POINT('',#4197);
#3462=LINE('',#4198,#4199);
#3463=VERTEX_POINT('',#4200);
#3464=LINE('',#4201,#4202);
#3465=LINE('',#4203,#4204);
#3466=FILL_AREA_STYLE_COLOUR('',#4205);
#3467=VERTEX_POINT('',#4206);
#3468=CIRCLE('',#4207,2.0);
#3469=B_SPLINE_CURVE_WITH_KNOTS('',3,(#4208,#4209,#4210,#4211,#4212,#4213,#4214,#4215,#4216,#4217,#4218,#4219,#4220,#4221,#4222,#4223,#4224,#4225,#4226,#4227,#4228,#4229,#4230,#4231,#4232,#4233,#4234,#4235,#4236),.UNSPECIFIED.,.F.,.F.,(4,2,2,2,2,2,2,2,2,2,2,2,3,4),(-3.93040420952831,-3.58029824773491,-3.19200803425945,-2.80371782078399,-2.41542760730854,-2.02713739383308,-1.52035304537481,-1.01356869691654,-0.50678434845827,-0.253392174229136,-0.126696087114569,-0.0633480435572853,0.0,0.0633480435572838),.UNSPECIFIED.);
#3470=B_SPLINE_CURVE_WITH_KNOTS('',3,(#4237,#4238,#4239,#4240,#4241,#4242,#4243,#4244,#4245,#4246,#4247,#4248,#4249,#4250,#4251,#4252,#4253,#4254,#4255,#4256,#4257,#4258,#4259,#4260,#4261,#4262,#4263,#4264,#4265),.UNSPECIFIED.,.F.,.F.,(4,3,2,2,2,2,2,2,2,2,2,2,2,4),(-0.0633480435572835,0.0,0.064607689795826,0.129215379591652,0.258430759183304,0.516861518366608,1.03372303673322,1.55058455509982,2.06744607346643,2.4471457866434,2.82684549982036,3.20654521299732,3.58624492617428,3.9408543416314),.UNSPECIFIED.);
#3471=FILL_AREA_STYLE_COLOUR('',#4266);
#3472=VERTEX_POINT('',#4267);
#3473=B_SPLINE_CURVE_WITH_KNOTS('',3,(#4268,#4269,#4270,#4271,#4272,#4273,#4274,#4275,#4276,#4277,#4278,#4279,#4280,#4281,#4282,#4283,#4284,#4285,#4286,#4287,#4288,#4289,#4290,#4291,#4292,#4293,#4294,#4295,#4296),.UNSPECIFIED.,.F.,.F.,(4,2,2,2,2,2,2,2,2,2,2,2,3,4),(-3.93029425814194,-3.58031322328116,-3.19187558552833,-2.80343794777549,-2.41500031002265,-2.02656267226981,-1.51992200420236,-1.0132813361349,-0.506640668067453,-0.253320334033726,-0.126660167016864,-0.0633300835084309,0.0,0.0633300835084314),.UNSPECIFIED.);
#3474=B_SPLINE_CURVE_WITH_KNOTS('',3,(#4297,#4298,#4299,#4300,#4301,#4302,#4303,#4304,#4305,#4306,#4307,#4308,#4309,#4310,#4311,#4312,#4313,#4314,#4315,#4316,#4317,#4318,#4319,#4320,#4321,#4322,#4323,#4324,#4325),.UNSPECIFIED.,.F.,.F.,(4,3,2,2,2,2,2,2,2,2,2,2,2,4),(-0.0633300835084309,0.0,0.0633300835084311,0.126660167016862,0.253320334033724,0.506640668067449,1.0132813361349,1.51992200420235,2.02656267226979,2.41500031002263,2.80343794777547,3.19187558552831,3.58031322328114,3.93029425814192),.UNSPECIFIED.);
#3475=CIRCLE('',#4326,2.00191749436025);
#3476=FILL_AREA_STYLE_COLOUR('',#4327);
#3477=LINE('',#4328,#4329);
#3478=LINE('',#4330,#4331);
#3479=FILL_AREA_STYLE_COLOUR('',#4332);
#3480=LINE('',#4333,#4334);
#3481=FILL_AREA_STYLE_COLOUR('',#4335);
#3482=LINE('',#4336,#4337);
#3483=FILL_AREA_STYLE_COLOUR('',#4338);
#3484=LINE('',#4339,#4340);
#3485=FILL_AREA_STYLE_COLOUR('',#4341);
#3486=LINE('',#4342,#4343);
#3487=FILL_AREA_STYLE_COLOUR('',#4344);
#3488=LINE('',#4345,#4346);
#3489=FILL_AREA_STYLE_COLOUR('',#4347);
#3490=LINE('',#4348,#4349);
#3491=FILL_AREA_STYLE_COLOUR('',#4350);
#3492=FILL_AREA_STYLE_COLOUR('',#4351);
#3493=CIRCLE('',#4352,0.5);
#3494=FILL_AREA_STYLE_COLOUR('',#4353);
#3495=CIRCLE('',#4354,0.5);
#3496=FILL_AREA_STYLE_COLOUR('',#4355);
#3497=CIRCLE('',#4356,0.739999999999997);
#3498=FILL_AREA_STYLE_COLOUR('',#4357);
#3499=CIRCLE('',#4358,0.5);
#3500=FILL_AREA_STYLE_COLOUR('',#4359);
#3501=CIRCLE('',#4360,0.5);
#3502=FILL_AREA_STYLE_COLOUR('',#4361);
#3503=CIRCLE('',#4362,0.739999999999997);
#3504=FILL_AREA_STYLE_COLOUR('',#4363);
#3505=CIRCLE('',#4364,0.5);
#3506=FILL_AREA_STYLE_COLOUR('',#4365);
#3507=CIRCLE('',#4366,0.5);
#3508=FILL_AREA_STYLE_COLOUR('',#4367);
#3509=CIRCLE('',#4368,0.739999999999997);
#3510=FILL_AREA_STYLE_COLOUR('',#4369);
#3511=CIRCLE('',#4370,0.5);
#3512=FILL_AREA_STYLE_COLOUR('',#4371);
#3513=CIRCLE('',#4372,0.5);
#3514=FILL_AREA_STYLE_COLOUR('',#4373);
#3515=CIRCLE('',#4374,0.739999999999997);
#3516=FILL_AREA_STYLE_COLOUR('',#4375);
#3517=CIRCLE('',#4376,0.5);
#3518=FILL_AREA_STYLE_COLOUR('',#4377);
#3519=CIRCLE('',#4378,0.5);
#3520=FILL_AREA_STYLE_COLOUR('',#4379);
#3521=CIRCLE('',#4380,0.739999999999997);
#3522=FILL_AREA_STYLE_COLOUR('',#4381);
#3523=CIRCLE('',#4382,0.5);
#3524=FILL_AREA_STYLE_COLOUR('',#4383);
#3525=CIRCLE('',#4384,0.5);
#3526=FILL_AREA_STYLE_COLOUR('',#4385);
#3527=CIRCLE('',#4386,0.739999999999997);
#3528=FILL_AREA_STYLE_COLOUR('',#4387);
#3529=CIRCLE('',#4388,0.5);
#3530=FILL_AREA_STYLE_COLOUR('',#4389);
#3531=CIRCLE('',#4390,0.5);
#3532=FILL_AREA_STYLE_COLOUR('',#4391);
#3533=CIRCLE('',#4392,0.739999999999997);
#3534=FILL_AREA_STYLE_COLOUR('',#4393);
#3535=CIRCLE('',#4394,0.5);
#3536=FILL_AREA_STYLE_COLOUR('',#4395);
#3537=CIRCLE('',#4396,0.5);
#3538=FILL_AREA_STYLE_COLOUR('',#4397);
#3539=CIRCLE('',#4398,0.739999999999997);
#3540=FILL_AREA_STYLE_COLOUR('',#4399);
#3541=CIRCLE('',#4400,0.5);
#3542=FILL_AREA_STYLE_COLOUR('',#4401);
#3543=CIRCLE('',#4402,0.5);
#3544=FILL_AREA_STYLE_COLOUR('',#4403);
#3545=CIRCLE('',#4404,0.739999999999997);
#3546=FILL_AREA_STYLE_COLOUR('',#4405);
#3547=LINE('',#4406,#4407);
#3548=LINE('',#4408,#4409);
#3549=FILL_AREA_STYLE_COLOUR('',#4410);
#3550=VERTEX_POINT('',#4411);
#3551=CIRCLE('',#4412,2.0);
#3552=VERTEX_POINT('',#4413);
#3553=LINE('',#4414,#4415);
#3554=CIRCLE('',#4416,2.0);
#3555=FILL_AREA_STYLE_COLOUR('',#4417);
#3556=VERTEX_POINT('',#4418);
#3557=LINE('',#4419,#4420);
#3558=VERTEX_POINT('',#4421);
#3559=LINE('',#4422,#4423);
#3560=LINE('',#4424,#4425);
#3561=FILL_AREA_STYLE_COLOUR('',#4426);
#3562=VERTEX_POINT('',#4427);
#3563=CIRCLE('',#4428,2.0);
#3564=VERTEX_POINT('',#4429);
#3565=LINE('',#4430,#4431);
#3566=CIRCLE('',#4432,2.0);
#3567=FILL_AREA_STYLE_COLOUR('',#4433);
#3568=VERTEX_POINT('',#4434);
#3569=CIRCLE('',#4435,2.0);
#3570=VERTEX_POINT('',#4436);
#3571=LINE('',#4437,#4438);
#3572=CIRCLE('',#4439,2.0);
#3573=FILL_AREA_STYLE_COLOUR('',#4440);
#3574=VERTEX_POINT('',#4441);
#3575=LINE('',#4442,#4443);
#3576=VERTEX_POINT('',#4444);
#3577=LINE('',#4445,#4446);
#3578=LINE('',#4447,#4448);
#3579=FILL_AREA_STYLE_COLOUR('',#4449);
#3580=VERTEX_POINT('',#4450);
#3581=CIRCLE('',#4451,2.0);
#3582=VERTEX_POINT('',#4452);
#3583=CIRCLE('',#4453,2.0);
#3584=LINE('',#4454,#4455);
#3585=FILL_AREA_STYLE_COLOUR('',#4456);
#3586=LINE('',#4457,#4458);
#3587=LINE('',#4459,#4460);
#3588=FILL_AREA_STYLE_COLOUR('',#4461);
#3589=FILL_AREA_STYLE_COLOUR('',#4462);
#3590=VERTEX_POINT('',#4463);
#3591=VERTEX_POINT('',#4464);
#3592=CIRCLE('',#4465,1.3);
#3593=VERTEX_POINT('',#4466);
#3594=LINE('',#4467,#4468);
#3595=VERTEX_POINT('',#4469);
#3596=CIRCLE('',#4470,1.3);
#3597=LINE('',#4471,#4472);
#3598=FILL_AREA_STYLE_COLOUR('',#4473);
#3599=VERTEX_POINT('',#4474);
#3600=LINE('',#4475,#4476);
#3601=VERTEX_POINT('',#4477);
#3602=LINE('',#4478,#4479);
#3603=LINE('',#4480,#4481);
#3604=FILL_AREA_STYLE_COLOUR('',#4482);
#3605=VERTEX_POINT('',#4483);
#3606=CIRCLE('',#4484,1.3);
#3607=VERTEX_POINT('',#4485);
#3608=LINE('',#4486,#4487);
#3609=CIRCLE('',#4488,1.3);
#3610=FILL_AREA_STYLE_COLOUR('',#4489);
#3611=VERTEX_POINT('',#4490);
#3612=LINE('',#4491,#4492);
#3613=VERTEX_POINT('',#4493);
#3614=LINE('',#4494,#4495);
#3615=LINE('',#4496,#4497);
#3616=FILL_AREA_STYLE_COLOUR('',#4498);
#3617=VERTEX_POINT('',#4499);
#3618=CIRCLE('',#4500,1.3);
#3619=VERTEX_POINT('',#4501);
#3620=LINE('',#4502,#4503);
#3621=CIRCLE('',#4504,1.3);
#3622=FILL_AREA_STYLE_COLOUR('',#4505);
#3623=VERTEX_POINT('',#4506);
#3624=LINE('',#4507,#4508);
#3625=VERTEX_POINT('',#4509);
#3626=LINE('',#4510,#4511);
#3627=LINE('',#4512,#4513);
#3628=FILL_AREA_STYLE_COLOUR('',#4514);
#3629=VERTEX_POINT('',#4515);
#3630=CIRCLE('',#4516,1.3);
#3631=VERTEX_POINT('',#4517);
#3632=LINE('',#4518,#4519);
#3633=CIRCLE('',#4520,1.3);
#3634=FILL_AREA_STYLE_COLOUR('',#4521);
#3635=LINE('',#4522,#4523);
#3636=LINE('',#4524,#4525);
#3637=FILL_AREA_STYLE_COLOUR('',#4526);
#3638=FILL_AREA_STYLE_COLOUR('',#4527);
#3639=COLOUR_RGB('',0.874509811401367,0.874509811401367,0.874509811401367);
#3640=CARTESIAN_POINT('',(8.165,1.95,4.44089209850063E-16));
#3641=CARTESIAN_POINT('',(8.165,1.95,5.8));
#3642=CARTESIAN_POINT('',(8.165,1.95,2.9));
#3643=VECTOR('',#4528,1.0);
#3644=CARTESIAN_POINT('',(6.165,3.95,2.22044604925031E-16));
#3645=AXIS2_PLACEMENT_3D('',#4529,#4530,#4531);
#3646=CARTESIAN_POINT('',(6.165,3.95,5.8));
#3647=CARTESIAN_POINT('',(6.165,3.95,-0.7));
#3648=VECTOR('',#4532,1.0);
#3649=AXIS2_PLACEMENT_3D('',#4533,#4534,#4535);
#3650=COLOUR_RGB('',0.874509811401367,0.874509811401367,0.874509811401367);
#3651=CARTESIAN_POINT('',(-8.165,1.95,5.8));
#3652=CARTESIAN_POINT('',(-8.165,1.95,4.44089209850063E-16));
#3653=CARTESIAN_POINT('',(-8.165,1.95,2.9));
#3654=VECTOR('',#4536,1.0);
#3655=CARTESIAN_POINT('',(-6.165,3.95,5.8));
#3656=AXIS2_PLACEMENT_3D('',#4537,#4538,#4539);
#3657=CARTESIAN_POINT('',(-6.165,3.95,2.22044604925031E-16));
#3658=CARTESIAN_POINT('',(-6.165,3.95,-0.7));
#3659=VECTOR('',#4540,1.0);
#3660=AXIS2_PLACEMENT_3D('',#4541,#4542,#4543);
#3661=COLOUR_RGB('',0.874509811401367,0.874509811401367,0.874509811401367);
#3662=CARTESIAN_POINT('',(-4.8,1.42,5.8));
#3663=CARTESIAN_POINT('',(-5.04,1.42,5.56));
#3664=CARTESIAN_POINT('',(-4.82,1.42,5.78));
#3665=VECTOR('',#4544,1.0);
#3666=CARTESIAN_POINT('',(-6.28,1.42,5.8));
#3667=AXIS2_PLACEMENT_3D('',#4545,#4546,#4547);
#3668=CARTESIAN_POINT('',(-6.04,1.42,5.56));
#3669=CARTESIAN_POINT('',(-6.26,1.42,5.78));
#3670=VECTOR('',#4548,1.0);
#3671=AXIS2_PLACEMENT_3D('',#4549,#4550,#4551);
#3672=COLOUR_RGB('',0.874509811401367,0.874509811401367,0.874509811401367);
#3673=CARTESIAN_POINT('',(-5.04,1.42,2.22044604925031E-16));
#3674=CARTESIAN_POINT('',(-5.04,1.42,2.78));
#3675=VECTOR('',#4552,1.0);
#3676=CARTESIAN_POINT('',(-6.04,1.42,4.44089209850063E-16));
#3677=CARTESIAN_POINT('',(-6.04,1.42,2.78));
#3678=VECTOR('',#4553,1.0);
#3679=AXIS2_PLACEMENT_3D('',#4554,#4555,#4556);
#3680=COLOUR_RGB('',0.874509811401367,0.874509811401367,0.874509811401367);
#3681=CARTESIAN_POINT('',(-2.03,1.42,5.8));
#3682=CARTESIAN_POINT('',(-2.27,1.42,5.56));
#3683=CARTESIAN_POINT('',(-2.05,1.42,5.78));
#3684=VECTOR('',#4557,1.0);
#3685=CARTESIAN_POINT('',(-3.51,1.42,5.8));
#3686=AXIS2_PLACEMENT_3D('',#4558,#4559,#4560);
#3687=CARTESIAN_POINT('',(-3.27,1.42,5.56));
#3688=CARTESIAN_POINT('',(-3.49,1.42,5.78));
#3689=VECTOR('',#4561,1.0);
#3690=AXIS2_PLACEMENT_3D('',#4562,#4563,#4564);
#3691=COLOUR_RGB('',0.874509811401367,0.874509811401367,0.874509811401367);
#3692=CARTESIAN_POINT('',(-2.27,1.42,2.22044604925031E-16));
#3693=CARTESIAN_POINT('',(-2.27,1.42,2.78));
#3694=VECTOR('',#4565,1.0);
#3695=CARTESIAN_POINT('',(-3.27,1.42,4.44089209850063E-16));
#3696=CARTESIAN_POINT('',(-3.27,1.42,2.78));
#3697=VECTOR('',#4566,1.0);
#3698=AXIS2_PLACEMENT_3D('',#4567,#4568,#4569);
#3699=COLOUR_RGB('',0.874509811401367,0.874509811401367,0.874509811401367);
#3700=CARTESIAN_POINT('',(0.739999999999997,1.42,5.8));
#3701=CARTESIAN_POINT('',(0.5,1.42,5.56));
#3702=CARTESIAN_POINT('',(0.719999999999999,1.42,5.78));
#3703=VECTOR('',#4570,1.0);
#3704=CARTESIAN_POINT('',(-0.739999999999997,1.42,5.8));
#3705=AXIS2_PLACEMENT_3D('',#4571,#4572,#4573);
#3706=CARTESIAN_POINT('',(-0.5,1.42,5.56));
#3707=CARTESIAN_POINT('',(-0.719999999999999,1.42,5.78));
#3708=VECTOR('',#4574,1.0);
#3709=AXIS2_PLACEMENT_3D('',#4575,#4576,#4577);
#3710=COLOUR_RGB('',0.874509811401367,0.874509811401367,0.874509811401367);
#3711=CARTESIAN_POINT('',(0.5,1.42,2.22044604925031E-16));
#3712=CARTESIAN_POINT('',(0.5,1.42,2.78));
#3713=VECTOR('',#4578,1.0);
#3714=CARTESIAN_POINT('',(-0.5,1.42,4.44089209850063E-16));
#3715=CARTESIAN_POINT('',(-0.5,1.42,2.78));
#3716=VECTOR('',#4579,1.0);
#3717=AXIS2_PLACEMENT_3D('',#4580,#4581,#4582);
#3718=COLOUR_RGB('',0.874509811401367,0.874509811401367,0.874509811401367);
#3719=CARTESIAN_POINT('',(3.51,1.42,5.8));
#3720=CARTESIAN_POINT('',(3.27,1.42,5.56));
#3721=CARTESIAN_POINT('',(3.49,1.42,5.78));
#3722=VECTOR('',#4583,1.0);
#3723=CARTESIAN_POINT('',(2.03,1.42,5.8));
#3724=AXIS2_PLACEMENT_3D('',#4584,#4585,#4586);
#3725=CARTESIAN_POINT('',(2.27,1.42,5.56));
#3726=CARTESIAN_POINT('',(2.05,1.42,5.78));
#3727=VECTOR('',#4587,1.0);
#3728=AXIS2_PLACEMENT_3D('',#4588,#4589,#4590);
#3729=COLOUR_RGB('',0.874509811401367,0.874509811401367,0.874509811401367);
#3730=CARTESIAN_POINT('',(3.27,1.42,2.22044604925031E-16));
#3731=CARTESIAN_POINT('',(3.27,1.42,2.78));
#3732=VECTOR('',#4591,1.0);
#3733=CARTESIAN_POINT('',(2.27,1.42,4.44089209850063E-16));
#3734=CARTESIAN_POINT('',(2.27,1.42,2.78));
#3735=VECTOR('',#4592,1.0);
#3736=AXIS2_PLACEMENT_3D('',#4593,#4594,#4595);
#3737=COLOUR_RGB('',0.874509811401367,0.874509811401367,0.874509811401367);
#3738=CARTESIAN_POINT('',(6.28,1.42,5.8));
#3739=CARTESIAN_POINT('',(6.04,1.42,5.56));
#3740=CARTESIAN_POINT('',(6.26,1.42,5.78));
#3741=VECTOR('',#4596,1.0);
#3742=CARTESIAN_POINT('',(4.8,1.42,5.8));
#3743=AXIS2_PLACEMENT_3D('',#4597,#4598,#4599);
#3744=CARTESIAN_POINT('',(5.04,1.42,5.56));
#3745=CARTESIAN_POINT('',(4.82,1.42,5.78));
#3746=VECTOR('',#4600,1.0);
#3747=AXIS2_PLACEMENT_3D('',#4601,#4602,#4603);
#3748=COLOUR_RGB('',0.874509811401367,0.874509811401367,0.874509811401367);
#3749=CARTESIAN_POINT('',(6.04,1.42,2.22044604925031E-16));
#3750=CARTESIAN_POINT('',(6.04,1.42,2.78));
#3751=VECTOR('',#4604,1.0);
#3752=CARTESIAN_POINT('',(5.04,1.42,4.44089209850063E-16));
#3753=CARTESIAN_POINT('',(5.04,1.42,2.78));
#3754=VECTOR('',#4605,1.0);
#3755=AXIS2_PLACEMENT_3D('',#4606,#4607,#4608);
#3756=COLOUR_RGB('',0.874509811401367,0.874509811401367,0.874509811401367);
#3757=CARTESIAN_POINT('',(-3.415,-1.42,5.8));
#3758=CARTESIAN_POINT('',(-3.655,-1.42,5.56));
#3759=CARTESIAN_POINT('',(-3.435,-1.42,5.78));
#3760=VECTOR('',#4609,1.0);
#3761=CARTESIAN_POINT('',(-4.895,-1.42,5.8));
#3762=AXIS2_PLACEMENT_3D('',#4610,#4611,#4612);
#3763=CARTESIAN_POINT('',(-4.655,-1.42,5.56));
#3764=CARTESIAN_POINT('',(-4.875,-1.42,5.78));
#3765=VECTOR('',#4613,1.0);
#3766=AXIS2_PLACEMENT_3D('',#4614,#4615,#4616);
#3767=COLOUR_RGB('',0.874509811401367,0.874509811401367,0.874509811401367);
#3768=CARTESIAN_POINT('',(-3.655,-1.42,2.22044604925031E-16));
#3769=CARTESIAN_POINT('',(-3.655,-1.42,2.78));
#3770=VECTOR('',#4617,1.0);
#3771=CARTESIAN_POINT('',(-4.655,-1.42,4.44089209850063E-16));
#3772=CARTESIAN_POINT('',(-4.655,-1.42,2.78));
#3773=VECTOR('',#4618,1.0);
#3774=AXIS2_PLACEMENT_3D('',#4619,#4620,#4621);
#3775=COLOUR_RGB('',0.874509811401367,0.874509811401367,0.874509811401367);
#3776=CARTESIAN_POINT('',(-0.645000000000003,-1.42,5.8));
#3777=CARTESIAN_POINT('',(-0.885,-1.42,5.56));
#3778=CARTESIAN_POINT('',(-0.665000000000001,-1.42,5.78));
#3779=VECTOR('',#4622,1.0);
#3780=CARTESIAN_POINT('',(-2.125,-1.42,5.8));
#3781=AXIS2_PLACEMENT_3D('',#4623,#4624,#4625);
#3782=CARTESIAN_POINT('',(-1.885,-1.42,5.56));
#3783=CARTESIAN_POINT('',(-2.105,-1.42,5.78));
#3784=VECTOR('',#4626,1.0);
#3785=AXIS2_PLACEMENT_3D('',#4627,#4628,#4629);
#3786=COLOUR_RGB('',0.874509811401367,0.874509811401367,0.874509811401367);
#3787=CARTESIAN_POINT('',(-0.885,-1.42,2.22044604925031E-16));
#3788=CARTESIAN_POINT('',(-0.885,-1.42,2.78));
#3789=VECTOR('',#4630,1.0);
#3790=CARTESIAN_POINT('',(-1.885,-1.42,4.44089209850063E-16));
#3791=CARTESIAN_POINT('',(-1.885,-1.42,2.78));
#3792=VECTOR('',#4631,1.0);
#3793=AXIS2_PLACEMENT_3D('',#4632,#4633,#4634);
#3794=COLOUR_RGB('',0.874509811401367,0.874509811401367,0.874509811401367);
#3795=CARTESIAN_POINT('',(2.125,-1.42,5.8));
#3796=CARTESIAN_POINT('',(1.885,-1.42,5.56));
#3797=CARTESIAN_POINT('',(2.105,-1.42,5.78));
#3798=VECTOR('',#4635,1.0);
#3799=CARTESIAN_POINT('',(0.645000000000003,-1.42,5.8));
#3800=AXIS2_PLACEMENT_3D('',#4636,#4637,#4638);
#3801=CARTESIAN_POINT('',(0.885,-1.42,5.56));
#3802=CARTESIAN_POINT('',(0.665000000000001,-1.42,5.78));
#3803=VECTOR('',#4639,1.0);
#3804=AXIS2_PLACEMENT_3D('',#4640,#4641,#4642);
#3805=COLOUR_RGB('',0.874509811401367,0.874509811401367,0.874509811401367);
#3806=CARTESIAN_POINT('',(1.885,-1.42,2.22044604925031E-16));
#3807=CARTESIAN_POINT('',(1.885,-1.42,2.78));
#3808=VECTOR('',#4643,1.0);
#3809=CARTESIAN_POINT('',(0.885,-1.42,4.44089209850063E-16));
#3810=CARTESIAN_POINT('',(0.885,-1.42,2.78));
#3811=VECTOR('',#4644,1.0);
#3812=AXIS2_PLACEMENT_3D('',#4645,#4646,#4647);
#3813=COLOUR_RGB('',0.874509811401367,0.874509811401367,0.874509811401367);
#3814=CARTESIAN_POINT('',(4.895,-1.42,5.8));
#3815=CARTESIAN_POINT('',(4.655,-1.42,5.56));
#3816=CARTESIAN_POINT('',(4.875,-1.42,5.78));
#3817=VECTOR('',#4648,1.0);
#3818=CARTESIAN_POINT('',(3.415,-1.42,5.8));
#3819=AXIS2_PLACEMENT_3D('',#4649,#4650,#4651);
#3820=CARTESIAN_POINT('',(3.655,-1.42,5.56));
#3821=CARTESIAN_POINT('',(3.435,-1.42,5.78));
#3822=VECTOR('',#4652,1.0);
#3823=AXIS2_PLACEMENT_3D('',#4653,#4654,#4655);
#3824=COLOUR_RGB('',0.874509811401367,0.874509811401367,0.874509811401367);
#3825=CARTESIAN_POINT('',(4.655,-1.42,2.22044604925031E-16));
#3826=CARTESIAN_POINT('',(4.655,-1.42,2.78));
#3827=VECTOR('',#4656,1.0);
#3828=CARTESIAN_POINT('',(3.655,-1.42,4.44089209850063E-16));
#3829=CARTESIAN_POINT('',(3.655,-1.42,2.78));
#3830=VECTOR('',#4657,1.0);
#3831=AXIS2_PLACEMENT_3D('',#4658,#4659,#4660);
#3832=COLOUR_RGB('',0.811764717102051,0.811764717102051,0.811764717102051);
#3833=CARTESIAN_POINT('',(-3.82999999999973,-1.42,-10.9));
#3834=CARTESIAN_POINT('',(-3.82999999999973,-1.42,-6.29999999999999));
#3835=CARTESIAN_POINT('',(-3.82999999999973,-1.42,-8.6));
#3836=VECTOR('',#4661,1.0);
#3837=CARTESIAN_POINT('',(-4.48000000000027,-1.42,-10.9));
#3838=AXIS2_PLACEMENT_3D('',#4662,#4663,#4664);
#3839=CARTESIAN_POINT('',(-4.48000000000027,-1.42,-6.29999999999999));
#3840=CARTESIAN_POINT('',(-4.48000000000027,-1.42,-8.6));
#3841=VECTOR('',#4665,1.0);
#3842=AXIS2_PLACEMENT_3D('',#4666,#4667,#4668);
#3843=COLOUR_RGB('',0.811764717102051,0.811764717102051,0.811764717102051);
#3844=CARTESIAN_POINT('',(-3.38499999999956,-1.42,-6.29999999999999));
#3845=CARTESIAN_POINT('',(-3.38499999999934,-1.42,-5.7));
#3846=CARTESIAN_POINT('',(-3.38499999999934,-1.42,-5.99999999999999));
#3847=VECTOR('',#4669,1.0);
#3848=CARTESIAN_POINT('',(-4.92500000000044,-1.42,-6.29999999999999));
#3849=AXIS2_PLACEMENT_3D('',#4670,#4671,#4672);
#3850=CARTESIAN_POINT('',(-4.92500000000066,-1.42,-5.7));
#3851=CARTESIAN_POINT('',(-4.92500000000066,-1.42,-5.99999999999999));
#3852=VECTOR('',#4673,1.0);
#3853=AXIS2_PLACEMENT_3D('',#4674,#4675,#4676);
#3854=COLOUR_RGB('',0.811764717102051,0.811764717102051,0.811764717102051);
#3855=CARTESIAN_POINT('',(-1.05999999999973,-1.42,-10.9));
#3856=CARTESIAN_POINT('',(-1.05999999999973,-1.42,-6.29999999999999));
#3857=CARTESIAN_POINT('',(-1.05999999999973,-1.42,-8.6));
#3858=VECTOR('',#4677,1.0);
#3859=CARTESIAN_POINT('',(-1.71000000000027,-1.42,-10.9));
#3860=AXIS2_PLACEMENT_3D('',#4678,#4679,#4680);
#3861=CARTESIAN_POINT('',(-1.71000000000027,-1.42,-6.29999999999999));
#3862=CARTESIAN_POINT('',(-1.71000000000027,-1.42,-8.6));
#3863=VECTOR('',#4681,1.0);
#3864=AXIS2_PLACEMENT_3D('',#4682,#4683,#4684);
#3865=COLOUR_RGB('',0.811764717102051,0.811764717102051,0.811764717102051);
#3866=CARTESIAN_POINT('',(-0.614999999999564,-1.42,-6.29999999999999));
#3867=CARTESIAN_POINT('',(-0.614999999999336,-1.42,-5.7));
#3868=CARTESIAN_POINT('',(-0.614999999999336,-1.42,-5.99999999999999));
#3869=VECTOR('',#4685,1.0);
#3870=CARTESIAN_POINT('',(-2.15500000000044,-1.42,-6.29999999999999));
#3871=AXIS2_PLACEMENT_3D('',#4686,#4687,#4688);
#3872=CARTESIAN_POINT('',(-2.15500000000066,-1.42,-5.7));
#3873=CARTESIAN_POINT('',(-2.15500000000066,-1.42,-5.99999999999999));
#3874=VECTOR('',#4689,1.0);
#3875=AXIS2_PLACEMENT_3D('',#4690,#4691,#4692);
#3876=COLOUR_RGB('',0.811764717102051,0.811764717102051,0.811764717102051);
#3877=CARTESIAN_POINT('',(1.71000000000027,-1.42,-10.9));
#3878=CARTESIAN_POINT('',(1.71000000000027,-1.42,-6.29999999999999));
#3879=CARTESIAN_POINT('',(1.71000000000027,-1.42,-8.6));
#3880=VECTOR('',#4693,1.0);
#3881=CARTESIAN_POINT('',(1.05999999999973,-1.42,-10.9));
#3882=AXIS2_PLACEMENT_3D('',#4694,#4695,#4696);
#3883=CARTESIAN_POINT('',(1.05999999999973,-1.42,-6.29999999999999));
#3884=CARTESIAN_POINT('',(1.05999999999973,-1.42,-8.6));
#3885=VECTOR('',#4697,1.0);
#3886=AXIS2_PLACEMENT_3D('',#4698,#4699,#4700);
#3887=COLOUR_RGB('',0.811764717102051,0.811764717102051,0.811764717102051);
#3888=CARTESIAN_POINT('',(2.15500000000044,-1.42,-6.29999999999999));
#3889=CARTESIAN_POINT('',(2.15500000000066,-1.42,-5.7));
#3890=CARTESIAN_POINT('',(2.15500000000066,-1.42,-5.99999999999999));
#3891=VECTOR('',#4701,1.0);
#3892=CARTESIAN_POINT('',(0.614999999999563,-1.42,-6.29999999999999));
#3893=AXIS2_PLACEMENT_3D('',#4702,#4703,#4704);
#3894=CARTESIAN_POINT('',(0.614999999999336,-1.42,-5.7));
#3895=CARTESIAN_POINT('',(0.614999999999336,-1.42,-5.99999999999999));
#3896=VECTOR('',#4705,1.0);
#3897=AXIS2_PLACEMENT_3D('',#4706,#4707,#4708);
#3898=COLOUR_RGB('',0.811764717102051,0.811764717102051,0.811764717102051);
#3899=CARTESIAN_POINT('',(4.48000000000027,-1.42,-10.9));
#3900=CARTESIAN_POINT('',(4.48000000000027,-1.42,-6.29999999999999));
#3901=CARTESIAN_POINT('',(4.48000000000027,-1.42,-8.6));
#3902=VECTOR('',#4709,1.0);
#3903=CARTESIAN_POINT('',(3.82999999999973,-1.42,-10.9));
#3904=AXIS2_PLACEMENT_3D('',#4710,#4711,#4712);
#3905=CARTESIAN_POINT('',(3.82999999999973,-1.42,-6.29999999999999));
#3906=CARTESIAN_POINT('',(3.82999999999973,-1.42,-8.6));
#3907=VECTOR('',#4713,1.0);
#3908=AXIS2_PLACEMENT_3D('',#4714,#4715,#4716);
#3909=COLOUR_RGB('',0.811764717102051,0.811764717102051,0.811764717102051);
#3910=CARTESIAN_POINT('',(4.92500000000044,-1.42,-6.29999999999999));
#3911=CARTESIAN_POINT('',(4.92500000000066,-1.42,-5.7));
#3912=CARTESIAN_POINT('',(4.92500000000066,-1.42,-5.99999999999999));
#3913=VECTOR('',#4717,1.0);
#3914=CARTESIAN_POINT('',(3.38499999999956,-1.42,-6.29999999999999));
#3915=AXIS2_PLACEMENT_3D('',#4718,#4719,#4720);
#3916=CARTESIAN_POINT('',(3.38499999999934,-1.42,-5.7));
#3917=CARTESIAN_POINT('',(3.38499999999934,-1.42,-5.99999999999999));
#3918=VECTOR('',#4721,1.0);
#3919=AXIS2_PLACEMENT_3D('',#4722,#4723,#4724);
#3920=COLOUR_RGB('',0.811764717102051,0.811764717102051,0.811764717102051);
#3921=CARTESIAN_POINT('',(-5.21499999999973,1.42,-10.9));
#3922=CARTESIAN_POINT('',(-5.21499999999973,1.42,-6.29999999999999));
#3923=CARTESIAN_POINT('',(-5.21499999999973,1.42,-8.6));
#3924=VECTOR('',#4725,1.0);
#3925=CARTESIAN_POINT('',(-5.86500000000027,1.42,-10.9));
#3926=AXIS2_PLACEMENT_3D('',#4726,#4727,#4728);
#3927=CARTESIAN_POINT('',(-5.86500000000027,1.42,-6.29999999999999));
#3928=CARTESIAN_POINT('',(-5.86500000000027,1.42,-8.6));
#3929=VECTOR('',#4729,1.0);
#3930=AXIS2_PLACEMENT_3D('',#4730,#4731,#4732);
#3931=COLOUR_RGB('',0.811764717102051,0.811764717102051,0.811764717102051);
#3932=CARTESIAN_POINT('',(-4.76999999999956,1.42,-6.29999999999999));
#3933=CARTESIAN_POINT('',(-4.76999999999934,1.42,-5.7));
#3934=CARTESIAN_POINT('',(-4.76999999999934,1.42,-5.99999999999999));
#3935=VECTOR('',#4733,1.0);
#3936=CARTESIAN_POINT('',(-6.31000000000044,1.42,-6.29999999999999));
#3937=AXIS2_PLACEMENT_3D('',#4734,#4735,#4736);
#3938=CARTESIAN_POINT('',(-6.31000000000066,1.42,-5.7));
#3939=CARTESIAN_POINT('',(-6.31000000000066,1.42,-5.99999999999999));
#3940=VECTOR('',#4737,1.0);
#3941=AXIS2_PLACEMENT_3D('',#4738,#4739,#4740);
#3942=COLOUR_RGB('',0.811764717102051,0.811764717102051,0.811764717102051);
#3943=CARTESIAN_POINT('',(-2.44499999999973,1.42,-10.9));
#3944=CARTESIAN_POINT('',(-2.44499999999973,1.42,-6.29999999999999));
#3945=CARTESIAN_POINT('',(-2.44499999999973,1.42,-8.6));
#3946=VECTOR('',#4741,1.0);
#3947=CARTESIAN_POINT('',(-3.09500000000027,1.42,-10.9));
#3948=AXIS2_PLACEMENT_3D('',#4742,#4743,#4744);
#3949=CARTESIAN_POINT('',(-3.09500000000027,1.42,-6.29999999999999));
#3950=CARTESIAN_POINT('',(-3.09500000000027,1.42,-8.6));
#3951=VECTOR('',#4745,1.0);
#3952=AXIS2_PLACEMENT_3D('',#4746,#4747,#4748);
#3953=COLOUR_RGB('',0.811764717102051,0.811764717102051,0.811764717102051);
#3954=CARTESIAN_POINT('',(-1.99999999999956,1.42,-6.29999999999999));
#3955=CARTESIAN_POINT('',(-1.99999999999934,1.42,-5.7));
#3956=CARTESIAN_POINT('',(-1.99999999999934,1.42,-5.99999999999999));
#3957=VECTOR('',#4749,1.0);
#3958=CARTESIAN_POINT('',(-3.54000000000044,1.42,-6.29999999999999));
#3959=AXIS2_PLACEMENT_3D('',#4750,#4751,#4752);
#3960=CARTESIAN_POINT('',(-3.54000000000066,1.42,-5.7));
#3961=CARTESIAN_POINT('',(-3.54000000000066,1.42,-5.99999999999999));
#3962=VECTOR('',#4753,1.0);
#3963=AXIS2_PLACEMENT_3D('',#4754,#4755,#4756);
#3964=COLOUR_RGB('',0.811764717102051,0.811764717102051,0.811764717102051);
#3965=CARTESIAN_POINT('',(0.325000000000273,1.42,-10.9));
#3966=CARTESIAN_POINT('',(0.325000000000273,1.42,-6.29999999999999));
#3967=CARTESIAN_POINT('',(0.325000000000273,1.42,-8.6));
#3968=VECTOR('',#4757,1.0);
#3969=CARTESIAN_POINT('',(-0.325000000000273,1.42,-10.9));
#3970=AXIS2_PLACEMENT_3D('',#4758,#4759,#4760);
#3971=CARTESIAN_POINT('',(-0.325000000000273,1.42,-6.29999999999999));
#3972=CARTESIAN_POINT('',(-0.325000000000273,1.42,-8.6));
#3973=VECTOR('',#4761,1.0);
#3974=AXIS2_PLACEMENT_3D('',#4762,#4763,#4764);
#3975=COLOUR_RGB('',0.811764717102051,0.811764717102051,0.811764717102051);
#3976=CARTESIAN_POINT('',(0.770000000000437,1.42,-6.29999999999999));
#3977=CARTESIAN_POINT('',(0.770000000000664,1.42,-5.7));
#3978=CARTESIAN_POINT('',(0.770000000000664,1.42,-5.99999999999999));
#3979=VECTOR('',#4765,1.0);
#3980=CARTESIAN_POINT('',(-0.770000000000437,1.42,-6.29999999999999));
#3981=AXIS2_PLACEMENT_3D('',#4766,#4767,#4768);
#3982=CARTESIAN_POINT('',(-0.770000000000664,1.42,-5.7));
#3983=CARTESIAN_POINT('',(-0.770000000000664,1.42,-5.99999999999999));
#3984=VECTOR('',#4769,1.0);
#3985=AXIS2_PLACEMENT_3D('',#4770,#4771,#4772);
#3986=COLOUR_RGB('',0.811764717102051,0.811764717102051,0.811764717102051);
#3987=CARTESIAN_POINT('',(3.09500000000027,1.42,-10.9));
#3988=CARTESIAN_POINT('',(3.09500000000027,1.42,-6.29999999999999));
#3989=CARTESIAN_POINT('',(3.09500000000027,1.42,-8.6));
#3990=VECTOR('',#4773,1.0);
#3991=CARTESIAN_POINT('',(2.44499999999973,1.42,-10.9));
#3992=AXIS2_PLACEMENT_3D('',#4774,#4775,#4776);
#3993=CARTESIAN_POINT('',(2.44499999999973,1.42,-6.29999999999999));
#3994=CARTESIAN_POINT('',(2.44499999999973,1.42,-8.6));
#3995=VECTOR('',#4777,1.0);
#3996=AXIS2_PLACEMENT_3D('',#4778,#4779,#4780);
#3997=COLOUR_RGB('',0.811764717102051,0.811764717102051,0.811764717102051);
#3998=CARTESIAN_POINT('',(3.54000000000044,1.42,-6.29999999999999));
#3999=CARTESIAN_POINT('',(3.54000000000066,1.42,-5.7));
#4000=CARTESIAN_POINT('',(3.54000000000066,1.42,-5.99999999999999));
#4001=VECTOR('',#4781,1.0);
#4002=CARTESIAN_POINT('',(1.99999999999956,1.42,-6.29999999999999));
#4003=AXIS2_PLACEMENT_3D('',#4782,#4783,#4784);
#4004=CARTESIAN_POINT('',(1.99999999999934,1.42,-5.7));
#4005=CARTESIAN_POINT('',(1.99999999999934,1.42,-5.99999999999999));
#4006=VECTOR('',#4785,1.0);
#4007=AXIS2_PLACEMENT_3D('',#4786,#4787,#4788);
#4008=COLOUR_RGB('',0.811764717102051,0.811764717102051,0.811764717102051);
#4009=CARTESIAN_POINT('',(5.86500000000027,1.42,-10.9));
#4010=CARTESIAN_POINT('',(5.86500000000027,1.42,-6.29999999999999));
#4011=CARTESIAN_POINT('',(5.86500000000027,1.42,-8.6));
#4012=VECTOR('',#4789,1.0);
#4013=CARTESIAN_POINT('',(5.21499999999973,1.42,-10.9));
#4014=AXIS2_PLACEMENT_3D('',#4790,#4791,#4792);
#4015=CARTESIAN_POINT('',(5.21499999999973,1.42,-6.29999999999999));
#4016=CARTESIAN_POINT('',(5.21499999999973,1.42,-8.6));
#4017=VECTOR('',#4793,1.0);
#4018=AXIS2_PLACEMENT_3D('',#4794,#4795,#4796);
#4019=COLOUR_RGB('',0.811764717102051,0.811764717102051,0.811764717102051);
#4020=CARTESIAN_POINT('',(6.31000000000044,1.42,-6.29999999999999));
#4021=CARTESIAN_POINT('',(6.31000000000066,1.42,-5.7));
#4022=CARTESIAN_POINT('',(6.31000000000066,1.42,-5.99999999999999));
#4023=VECTOR('',#4797,1.0);
#4024=CARTESIAN_POINT('',(4.76999999999956,1.42,-6.29999999999999));
#4025=AXIS2_PLACEMENT_3D('',#4798,#4799,#4800);
#4026=CARTESIAN_POINT('',(4.76999999999934,1.42,-5.7));
#4027=CARTESIAN_POINT('',(4.76999999999934,1.42,-5.99999999999999));
#4028=VECTOR('',#4801,1.0);
#4029=AXIS2_PLACEMENT_3D('',#4802,#4803,#4804);
#4030=COLOUR_RGB('',0.811764717102051,0.811764717102051,0.811764717102051);
#4031=CARTESIAN_POINT('',(-12.495,1.07822999999999,-0.800000000000001));
#4032=CARTESIAN_POINT('',(-12.495,1.07822999999999,-5.55111512312578E-16));
#4033=CARTESIAN_POINT('',(-12.495,1.07822999999999,-0.8));
#4034=VECTOR('',#4805,1.0);
#4035=CARTESIAN_POINT('',(-12.495,-1.07822999999999,-0.800000000000001));
#4036=AXIS2_PLACEMENT_3D('',#4806,#4807,#4808);
#4037=CARTESIAN_POINT('',(-12.495,-1.07822999999999,-5.55111512312578E-16));
#4038=CARTESIAN_POINT('',(-12.495,-1.07822999999999,-0.8));
#4039=VECTOR('',#4809,1.0);
#4040=AXIS2_PLACEMENT_3D('',#4810,#4811,#4812);
#4041=COLOUR_RGB('',0.811764717102051,0.811764717102051,0.811764717102051);
#4042=CARTESIAN_POINT('',(12.495,1.07822999999999,-0.799999999999999));
#4043=CARTESIAN_POINT('',(12.495,1.07822999999999,9.99200722162641E-16));
#4044=CARTESIAN_POINT('',(12.495,1.07822999999999,-0.8));
#4045=VECTOR('',#4813,1.0);
#4046=CARTESIAN_POINT('',(12.495,-1.07822999999999,-0.799999999999999));
#4047=AXIS2_PLACEMENT_3D('',#4814,#4815,#4816);
#4048=CARTESIAN_POINT('',(12.495,-1.07822999999999,9.99200722162641E-16));
#4049=CARTESIAN_POINT('',(12.495,-1.07822999999999,-0.8));
#4050=VECTOR('',#4817,1.0);
#4051=AXIS2_PLACEMENT_3D('',#4818,#4819,#4820);
#4052=COLOUR_RGB('',0.811764717102051,0.811764717102051,0.811764717102051);
#4053=AXIS2_PLACEMENT_3D('',#4821,#4822,#4823);
#4054=AXIS2_PLACEMENT_3D('',#4824,#4825,#4826);
#4055=COLOUR_RGB('',0.811764717102051,0.811764717102051,0.811764717102051);
#4056=AXIS2_PLACEMENT_3D('',#4827,#4828,#4829);
#4057=AXIS2_PLACEMENT_3D('',#4830,#4831,#4832);
#4058=COLOUR_RGB('',0.811764717102051,0.811764717102051,0.811764717102051);
#4059=AXIS2_PLACEMENT_3D('',#4833,#4834,#4835);
#4060=AXIS2_PLACEMENT_3D('',#4836,#4837,#4838);
#4061=COLOUR_RGB('',0.811764717102051,0.811764717102051,0.811764717102051);
#4062=AXIS2_PLACEMENT_3D('',#4839,#4840,#4841);
#4063=AXIS2_PLACEMENT_3D('',#4842,#4843,#4844);
#4064=COLOUR_RGB('',0.811764717102051,0.811764717102051,0.811764717102051);
#4065=COLOUR_RGB('',0.811764717102051,0.811764717102051,0.811764717102051);
#4066=COLOUR_RGB('',0.811764717102051,0.811764717102051,0.811764717102051);
#4067=AXIS2_PLACEMENT_3D('',#4845,#4846,#4847);
#4068=AXIS2_PLACEMENT_3D('',#4848,#4849,#4850);
#4069=COLOUR_RGB('',0.811764717102051,0.811764717102051,0.811764717102051);
#4070=AXIS2_PLACEMENT_3D('',#4851,#4852,#4853);
#4071=AXIS2_PLACEMENT_3D('',#4854,#4855,#4856);
#4072=COLOUR_RGB('',0.811764717102051,0.811764717102051,0.811764717102051);
#4073=COLOUR_RGB('',0.811764717102051,0.811764717102051,0.811764717102051);
#4074=COLOUR_RGB('',0.811764717102051,0.811764717102051,0.811764717102051);
#4075=AXIS2_PLACEMENT_3D('',#4857,#4858,#4859);
#4076=AXIS2_PLACEMENT_3D('',#4860,#4861,#4862);
#4077=COLOUR_RGB('',0.811764717102051,0.811764717102051,0.811764717102051);
#4078=AXIS2_PLACEMENT_3D('',#4863,#4864,#4865);
#4079=AXIS2_PLACEMENT_3D('',#4866,#4867,#4868);
#4080=COLOUR_RGB('',0.811764717102051,0.811764717102051,0.811764717102051);
#4081=COLOUR_RGB('',0.811764717102051,0.811764717102051,0.811764717102051);
#4082=COLOUR_RGB('',0.811764717102051,0.811764717102051,0.811764717102051);
#4083=AXIS2_PLACEMENT_3D('',#4869,#4870,#4871);
#4084=AXIS2_PLACEMENT_3D('',#4872,#4873,#4874);
#4085=COLOUR_RGB('',0.811764717102051,0.811764717102051,0.811764717102051);
#4086=AXIS2_PLACEMENT_3D('',#4875,#4876,#4877);
#4087=AXIS2_PLACEMENT_3D('',#4878,#4879,#4880);
#4088=COLOUR_RGB('',0.811764717102051,0.811764717102051,0.811764717102051);
#4089=COLOUR_RGB('',0.811764717102051,0.811764717102051,0.811764717102051);
#4090=COLOUR_RGB('',0.811764717102051,0.811764717102051,0.811764717102051);
#4091=AXIS2_PLACEMENT_3D('',#4881,#4882,#4883);
#4092=AXIS2_PLACEMENT_3D('',#4884,#4885,#4886);
#4093=COLOUR_RGB('',0.811764717102051,0.811764717102051,0.811764717102051);
#4094=AXIS2_PLACEMENT_3D('',#4887,#4888,#4889);
#4095=AXIS2_PLACEMENT_3D('',#4890,#4891,#4892);
#4096=COLOUR_RGB('',0.811764717102051,0.811764717102051,0.811764717102051);
#4097=COLOUR_RGB('',0.811764717102051,0.811764717102051,0.811764717102051);
#4098=COLOUR_RGB('',0.811764717102051,0.811764717102051,0.811764717102051);
#4099=AXIS2_PLACEMENT_3D('',#4893,#4894,#4895);
#4100=AXIS2_PLACEMENT_3D('',#4896,#4897,#4898);
#4101=COLOUR_RGB('',0.811764717102051,0.811764717102051,0.811764717102051);
#4102=AXIS2_PLACEMENT_3D('',#4899,#4900,#4901);
#4103=AXIS2_PLACEMENT_3D('',#4902,#4903,#4904);
#4104=COLOUR_RGB('',0.811764717102051,0.811764717102051,0.811764717102051);
#4105=COLOUR_RGB('',0.811764717102051,0.811764717102051,0.811764717102051);
#4106=COLOUR_RGB('',0.811764717102051,0.811764717102051,0.811764717102051);
#4107=AXIS2_PLACEMENT_3D('',#4905,#4906,#4907);
#4108=AXIS2_PLACEMENT_3D('',#4908,#4909,#4910);
#4109=COLOUR_RGB('',0.811764717102051,0.811764717102051,0.811764717102051);
#4110=AXIS2_PLACEMENT_3D('',#4911,#4912,#4913);
#4111=AXIS2_PLACEMENT_3D('',#4914,#4915,#4916);
#4112=COLOUR_RGB('',0.811764717102051,0.811764717102051,0.811764717102051);
#4113=COLOUR_RGB('',0.811764717102051,0.811764717102051,0.811764717102051);
#4114=COLOUR_RGB('',0.811764717102051,0.811764717102051,0.811764717102051);
#4115=AXIS2_PLACEMENT_3D('',#4917,#4918,#4919);
#4116=AXIS2_PLACEMENT_3D('',#4920,#4921,#4922);
#4117=COLOUR_RGB('',0.811764717102051,0.811764717102051,0.811764717102051);
#4118=AXIS2_PLACEMENT_3D('',#4923,#4924,#4925);
#4119=AXIS2_PLACEMENT_3D('',#4926,#4927,#4928);
#4120=COLOUR_RGB('',0.811764717102051,0.811764717102051,0.811764717102051);
#4121=COLOUR_RGB('',0.811764717102051,0.811764717102051,0.811764717102051);
#4122=COLOUR_RGB('',0.811764717102051,0.811764717102051,0.811764717102051);
#4123=AXIS2_PLACEMENT_3D('',#4929,#4930,#4931);
#4124=AXIS2_PLACEMENT_3D('',#4932,#4933,#4934);
#4125=COLOUR_RGB('',0.811764717102051,0.811764717102051,0.811764717102051);
#4126=AXIS2_PLACEMENT_3D('',#4935,#4936,#4937);
#4127=AXIS2_PLACEMENT_3D('',#4938,#4939,#4940);
#4128=COLOUR_RGB('',0.811764717102051,0.811764717102051,0.811764717102051);
#4129=COLOUR_RGB('',0.811764717102051,0.811764717102051,0.811764717102051);
#4130=COLOUR_RGB('',0.811764717102051,0.811764717102051,0.811764717102051);
#4131=CARTESIAN_POINT('',(-9.6,5.35999999999991,-0.8));
#4132=CARTESIAN_POINT('',(-9.6,-5.36000000000006,-0.8));
#4133=CARTESIAN_POINT('',(-9.6,3.75,-0.8));
#4134=VECTOR('',#4941,1.0);
#4135=CARTESIAN_POINT('',(-9.6,5.35999999999992,-2.83849654048295));
#4136=CARTESIAN_POINT('',(-9.6,5.35999999999991,-1.58750674694093));
#4137=VECTOR('',#4942,1.0);
#4138=CARTESIAN_POINT('',(-9.6,5.35142443724036,-3.1));
#4139=AXIS2_PLACEMENT_3D('',#4943,#4944,#4945);
#4140=CARTESIAN_POINT('',(-9.6,-5.35053295452864,-3.1));
#4141=CARTESIAN_POINT('',(-9.6,7.5,-3.1));
#4142=VECTOR('',#4946,1.0);
#4143=CARTESIAN_POINT('',(-9.6,-5.36000000000001,-2.90563293248206));
#4144=AXIS2_PLACEMENT_3D('',#4947,#4948,#4949);
#4145=CARTESIAN_POINT('',(-9.6,-5.36000000000004,-1.60429084494085));
#4146=VECTOR('',#4950,1.0);
#4147=COLOUR_RGB('',0.811764717102051,0.811764717102051,0.811764717102051);
#4148=CARTESIAN_POINT('',(9.6,5.35999999999991,-0.8));
#4149=CARTESIAN_POINT('',(-5.05,5.35999999999991,-0.8));
#4150=VECTOR('',#4951,1.0);
#4151=CARTESIAN_POINT('',(9.6,5.35999999999992,-2.83849654048295));
#4152=CARTESIAN_POINT('',(9.6,5.35999999999991,-1.58750674694093));
#4153=VECTOR('',#4952,1.0);
#4154=CARTESIAN_POINT('',(-10.1,5.35999999999992,-2.83849654048295));
#4155=VECTOR('',#4953,1.0);
#4156=COLOUR_RGB('',0.811764717102051,0.811764717102051,0.811764717102051);
#4157=CARTESIAN_POINT('',(9.6,-5.36000000000006,-0.8));
#4158=CARTESIAN_POINT('',(-5.05,-5.36000000000006,-0.8));
#4159=VECTOR('',#4954,1.0);
#4160=CARTESIAN_POINT('',(9.6,-5.36000000000001,-2.90563293248205));
#4161=CARTESIAN_POINT('',(-10.1,-5.36000000000001,-2.90563293248206));
#4162=VECTOR('',#4955,1.0);
#4163=CARTESIAN_POINT('',(9.6,-5.36000000000004,-1.60429084494085));
#4164=VECTOR('',#4956,1.0);
#4165=COLOUR_RGB('',0.811764717102051,0.811764717102051,0.811764717102051);
#4166=CARTESIAN_POINT('',(7.8,3.51000000000005,-5.19999999999997));
#4167=CARTESIAN_POINT('',(7.3,3.01000000000005,-5.69999999999997));
#4168=AXIS2_PLACEMENT_3D('',#4957,#4958,#4959);
#4169=CARTESIAN_POINT('',(-7.3,3.01000000000005,-5.7));
#4170=CARTESIAN_POINT('',(3.06151588455611E-17,3.01000000000005,-5.7));
#4171=VECTOR('',#4960,1.0);
#4172=CARTESIAN_POINT('',(-7.8,3.51000000000005,-5.19999999999997));
#4173=AXIS2_PLACEMENT_3D('',#4961,#4962,#4963);
#4174=CARTESIAN_POINT('',(-10.1,3.51000000000005,-5.19999999999997));
#4175=VECTOR('',#4964,1.0);
#4176=COLOUR_RGB('',0.811764717102051,0.811764717102051,0.811764717102051);
#4177=CARTESIAN_POINT('',(7.8,3.50999999999999,-4.9));
#4178=CARTESIAN_POINT('',(7.8,3.51,-5.05000000000016));
#4179=VECTOR('',#4965,1.0);
#4180=CARTESIAN_POINT('',(-7.8,3.50999999999999,-4.9));
#4181=CARTESIAN_POINT('',(-7.8,3.51,-5.05000000000016));
#4182=VECTOR('',#4966,1.0);
#4183=CARTESIAN_POINT('',(-10.1,3.50999999999999,-4.9));
#4184=VECTOR('',#4967,1.0);
#4185=COLOUR_RGB('',0.811764717102051,0.811764717102051,0.811764717102051);
#4186=CARTESIAN_POINT('',(7.3,-3.01000000000005,-5.69999999999991));
#4187=CARTESIAN_POINT('',(7.8,-3.50999999999999,-5.19999999999997));
#4188=AXIS2_PLACEMENT_3D('',#4968,#4969,#4970);
#4189=CARTESIAN_POINT('',(-7.8,-3.50999999999999,-5.19999999999997));
#4190=CARTESIAN_POINT('',(-10.1,-3.50999999999999,-5.19999999999997));
#4191=VECTOR('',#4971,1.0);
#4192=CARTESIAN_POINT('',(-7.3,-3.01000000000005,-5.7));
#4193=AXIS2_PLACEMENT_3D('',#4972,#4973,#4974);
#4194=CARTESIAN_POINT('',(-5.05,-3.01000000000005,-5.69999999999992));
#4195=VECTOR('',#4975,1.0);
#4196=COLOUR_RGB('',0.811764717102051,0.811764717102051,0.811764717102051);
#4197=CARTESIAN_POINT('',(7.8,-3.50999999999999,-4.89999999999997));
#4198=CARTESIAN_POINT('',(7.8,-3.50999999999999,-5.04999999999999));
#4199=VECTOR('',#4976,1.0);
#4200=CARTESIAN_POINT('',(-7.8,-3.50999999999999,-4.89999999999997));
#4201=CARTESIAN_POINT('',(-10.1,-3.50999999999999,-4.89999999999997));
#4202=VECTOR('',#4977,1.0);
#4203=CARTESIAN_POINT('',(-7.8,-3.50999999999999,-5.04999999999999));
#4204=VECTOR('',#4978,1.0);
#4205=COLOUR_RGB('',0.811764717102051,0.811764717102051,0.811764717102051);
#4206=CARTESIAN_POINT('',(9.6,-5.35053295452864,-3.1));
#4207=AXIS2_PLACEMENT_3D('',#4979,#4980,#4981);
#4208=CARTESIAN_POINT('',(-9.56510274424428,-5.35372112969361,-2.74727871872921));
#4209=CARTESIAN_POINT('',(-9.58856077520309,-5.3630449757532,-2.86466838868126));
#4210=CARTESIAN_POINT('',(-9.6,-5.3618744660477,-2.98385042424555));
#4211=CARTESIAN_POINT('',(-9.6,-5.33795448283879,-3.22881741097397));
#4212=CARTESIAN_POINT('',(-9.58599278874216,-5.31256193282559,-3.35766568601918));
#4213=CARTESIAN_POINT('',(-9.53204751831535,-5.2377986393897,-3.60613559567569));
#4214=CARTESIAN_POINT('',(-9.49213256972725,-5.18844559149934,-3.72576757135514));
#4215=CARTESIAN_POINT('',(-9.39216617055952,-5.07123372138158,-3.94847182051818));
#4216=CARTESIAN_POINT('',(-9.3320315366919,-5.00327158423724,-4.05179079500326));
#4217=CARTESIAN_POINT('',(-9.19954435815866,-4.85655810642524,-4.23767391461286));
#4218=CARTESIAN_POINT('',(-9.1272025636222,-4.77781634724196,-4.32025328369854));
#4219=CARTESIAN_POINT('',(-8.95783599556337,-4.59532291433116,-4.48465742143252));
#4220=CARTESIAN_POINT('',(-8.85328779078414,-4.48400958565866,-4.56509161763573));
#4221=CARTESIAN_POINT('',(-8.63867468356458,-4.25767577575098,-4.69766498314995));
#4222=CARTESIAN_POINT('',(-8.52864572040658,-4.14263430150779,-4.7498264876846));
#4223=CARTESIAN_POINT('',(-8.31589390558299,-3.92326671620729,-4.82820860972731));
#4224=CARTESIAN_POINT('',(-8.21272276182951,-3.81788872924926,-4.85483283451355));
#4225=CARTESIAN_POINT('',(-8.0666887942557,-3.67763917832244,-4.88082050442105));
#4226=CARTESIAN_POINT('',(-8.020349495832,-3.63435369418273,-4.88711519722291));
#4227=CARTESIAN_POINT('',(-7.94822673979217,-3.57584297736165,-4.89404889632439));
#4228=CARTESIAN_POINT('',(-7.92429122733706,-3.55767145051196,-4.89590466816273));
#4229=CARTESIAN_POINT('',(-7.88406280714981,-3.53376638715124,-4.89808607400724));
#4230=CARTESIAN_POINT('',(-7.87003137452777,-3.52641525909666,-4.89870619018208));
#4231=CARTESIAN_POINT('',(-7.83852800385033,-3.51461123112719,-4.89965661272796));
#4232=CARTESIAN_POINT('',(-7.8211160145191,-3.50999999999963,-4.9));
#4233=CARTESIAN_POINT('',(-7.8,-3.50999999999963,-4.9));
#4234=CARTESIAN_POINT('',(-7.7788839854809,-3.50999999999963,-4.9));
#4235=CARTESIAN_POINT('',(-7.76147199614967,-3.51461123112719,-4.89965661272796));
#4236=CARTESIAN_POINT('',(-7.74572031081027,-3.52051324511009,-4.89918140145497));
#4237=CARTESIAN_POINT('',(7.74572031081027,-3.52051324511008,-4.89918140145497));
#4238=CARTESIAN_POINT('',(7.76147199614967,-3.51461123112718,-4.89965661272796));
#4239=CARTESIAN_POINT('',(7.7788839854809,-3.50999999999962,-4.9));
#4240=CARTESIAN_POINT('',(7.8,-3.50999999999962,-4.9));
#4241=CARTESIAN_POINT('',(7.82153589659861,-3.50999999999962,-4.9));
#4242=CARTESIAN_POINT('',(7.83921376109866,-3.5147828911331,-4.89964382028282));
#4243=CARTESIAN_POINT('',(7.87117441111944,-3.52693386987139,-4.89866334440378));
#4244=CARTESIAN_POINT('',(7.88539046952283,-3.53447561083027,-4.8980248900976));
#4245=CARTESIAN_POINT('',(7.92616812286873,-3.55896085823265,-4.89577933946177));
#4246=CARTESIAN_POINT('',(7.95043499213116,-3.57752190101099,-4.89387005516851));
#4247=CARTESIAN_POINT('',(8.02363660105206,-3.63726518673622,-4.88672663933078));
#4248=CARTESIAN_POINT('',(8.07074033803452,-3.68141262891506,-4.88023287363689));
#4249=CARTESIAN_POINT('',(8.21921343886323,-3.82437589264407,-4.85339036834833));
#4250=CARTESIAN_POINT('',(8.32421690026323,-3.9317459497466,-4.82584394426104));
#4251=CARTESIAN_POINT('',(8.5404985750113,-4.15496847069632,-4.74468936170212));
#4252=CARTESIAN_POINT('',(8.65230149395238,-4.27195046556256,-4.69064866436712));
#4253=CARTESIAN_POINT('',(8.87004533620889,-4.50179307433089,-4.55312903194529));
#4254=CARTESIAN_POINT('',(8.97595204058007,-4.61467549844383,-4.46963237169151));
#4255=CARTESIAN_POINT('',(9.14393347275923,-4.79599851710929,-4.30165093951234));
#4256=CARTESIAN_POINT('',(9.21390833482001,-4.87231401164106,-4.21957078331723));
#4257=CARTESIAN_POINT('',(9.34193501223591,-5.01442010571368,-4.03542072704607));
#4258=CARTESIAN_POINT('',(9.3999755121435,-5.080200653553,-3.93333520401033));
#4259=CARTESIAN_POINT('',(9.49634921653742,-5.19360424247058,-3.71381485147353));
#4260=CARTESIAN_POINT('',(9.53476015691315,-5.24132514584427,-3.59613811891904));
#4261=CARTESIAN_POINT('',(9.5865976271542,-5.31364838632096,-3.35221965420038));
#4262=CARTESIAN_POINT('',(9.6,-5.33823276789737,-3.2259674653173));
#4263=CARTESIAN_POINT('',(9.6,-5.36202035322808,-2.98235637875774));
#4264=CARTESIAN_POINT('',(9.58826623817524,-5.36306178738426,-2.86173428677218));
#4265=CARTESIAN_POINT('',(9.56424911750883,-5.35337940156023,-2.74303354307538));
#4266=COLOUR_RGB('',0.811764717102051,0.811764717102051,0.811764717102051);
#4267=CARTESIAN_POINT('',(9.6,5.35142443724036,-3.1));
#4268=CARTESIAN_POINT('',(9.56512544177608,5.35494723793531,-2.74739232170187));
#4269=CARTESIAN_POINT('',(9.58857066936509,5.36414342736838,-2.8647572295768));
#4270=CARTESIAN_POINT('',(9.6,5.36285935298452,-2.98390142642299));
#4271=CARTESIAN_POINT('',(9.6,5.33873303051505,-3.22885571266644));
#4272=CARTESIAN_POINT('',(9.58598469724872,5.31322984039532,-3.35773413444697));
#4273=CARTESIAN_POINT('',(9.53201585353372,5.23825498558634,-3.60625024019324));
#4274=CARTESIAN_POINT('',(9.49208543904228,5.18880099131766,-3.72589827643622));
#4275=CARTESIAN_POINT('',(9.39208606772917,5.0713996754809,-3.94862453251279));
#4276=CARTESIAN_POINT('',(9.33193402212557,5.00334897876959,-4.05194914911222));
#4277=CARTESIAN_POINT('',(9.19941281958349,4.85647215300168,-4.23783689103694));
#4278=CARTESIAN_POINT('',(9.12705440267831,4.77765558710131,-4.32041522865421));
#4279=CARTESIAN_POINT('',(8.95771439027989,4.59507461349398,-4.48475177630623));
#4280=CARTESIAN_POINT('',(8.85321447828766,4.48375213133643,-4.56513952525304));
#4281=CARTESIAN_POINT('',(8.63869383558432,4.25741151686366,-4.6976505315256));
#4282=CARTESIAN_POINT('',(8.52870931731542,4.14237220515683,-4.74979623222452));
#4283=CARTESIAN_POINT('',(8.3160210852668,3.9230137006728,-4.8281685729344));
#4284=CARTESIAN_POINT('',(8.21289144009713,3.81766188958372,-4.85479326296682));
#4285=CARTESIAN_POINT('',(8.06685709072199,3.67745641524235,-4.88079531969632));
#4286=CARTESIAN_POINT('',(8.02051315346729,3.63419088736235,-4.88709581870719));
#4287=CARTESIAN_POINT('',(7.94834694171926,3.5757231055071,-4.8940391535604));
#4288=CARTESIAN_POINT('',(7.92438926405947,3.55756684422127,-4.89589830951268));
#4289=CARTESIAN_POINT('',(7.88411779425778,3.53369822877296,-4.89808361101543));
#4290=CARTESIAN_POINT('',(7.87006909329773,3.52636130985824,-4.89870485199295));
#4291=CARTESIAN_POINT('',(7.83853589455913,3.51458990777,-4.89965657463071));
#4292=CARTESIAN_POINT('',(7.82111002783614,3.50999999999999,-4.9));
#4293=CARTESIAN_POINT('',(7.8,3.50999999999999,-4.9));
#4294=CARTESIAN_POINT('',(7.77888997216385,3.50999999999999,-4.9));
#4295=CARTESIAN_POINT('',(7.76146410544087,3.51458990777,-4.89965657463071));
#4296=CARTESIAN_POINT('',(7.74569750607092,3.52047560881237,-4.89918071331178));
#4297=CARTESIAN_POINT('',(-7.74569750607092,3.52047560881239,-4.89918071331178));
#4298=CARTESIAN_POINT('',(-7.76146410544087,3.51458990777001,-4.89965657463071));
#4299=CARTESIAN_POINT('',(-7.77888997216386,3.51,-4.9));
#4300=CARTESIAN_POINT('',(-7.8,3.51,-4.9));
#4301=CARTESIAN_POINT('',(-7.82111002783614,3.51,-4.9));
#4302=CARTESIAN_POINT('',(-7.83853589455913,3.51458990777001,-4.89965657463071));
#4303=CARTESIAN_POINT('',(-7.87006909329773,3.52636130985824,-4.89870485199295));
#4304=CARTESIAN_POINT('',(-7.88411779425778,3.53369822877297,-4.89808361101543));
#4305=CARTESIAN_POINT('',(-7.92438926405947,3.55756684422128,-4.89589830951268));
#4306=CARTESIAN_POINT('',(-7.94834694171927,3.57572310550711,-4.8940391535604));
#4307=CARTESIAN_POINT('',(-8.0205131534673,3.63419088736235,-4.88709581870719));
#4308=CARTESIAN_POINT('',(-8.06685709072199,3.67745641524236,-4.88079531969631));
#4309=CARTESIAN_POINT('',(-8.21289144009714,3.81766188958373,-4.85479326296682));
#4310=CARTESIAN_POINT('',(-8.31602108526681,3.92301370067281,-4.8281685729344));
#4311=CARTESIAN_POINT('',(-8.52870931731542,4.14237220515684,-4.74979623222452));
#4312=CARTESIAN_POINT('',(-8.63869383558432,4.25741151686366,-4.69765053152559));
#4313=CARTESIAN_POINT('',(-8.85321447828766,4.48375213133644,-4.56513952525304));
#4314=CARTESIAN_POINT('',(-8.95771439027989,4.59507461349398,-4.48475177630623));
#4315=CARTESIAN_POINT('',(-9.12705440267831,4.77765558710131,-4.32041522865421));
#4316=CARTESIAN_POINT('',(-9.19941281958349,4.85647215300168,-4.23783689103694));
#4317=CARTESIAN_POINT('',(-9.33193402212557,5.00334897876959,-4.05194914911222));
#4318=CARTESIAN_POINT('',(-9.39208606772916,5.07139967548091,-3.94862453251279));
#4319=CARTESIAN_POINT('',(-9.49208543904228,5.18880099131767,-3.72589827643622));
#4320=CARTESIAN_POINT('',(-9.53201585353372,5.23825498558634,-3.60625024019324));
#4321=CARTESIAN_POINT('',(-9.58598469724872,5.31322984039532,-3.35773413444697));
#4322=CARTESIAN_POINT('',(-9.6,5.33873303051505,-3.22885571266645));
#4323=CARTESIAN_POINT('',(-9.6,5.36285935298452,-2.98390142642299));
#4324=CARTESIAN_POINT('',(-9.5885706693651,5.36414342736838,-2.8647572295768));
#4325=CARTESIAN_POINT('',(-9.56512544177608,5.35494723793531,-2.74739232170187));
#4326=AXIS2_PLACEMENT_3D('',#4982,#4983,#4984);
#4327=COLOUR_RGB('',0.811764717102051,0.811764717102051,0.811764717102051);
#4328=CARTESIAN_POINT('',(9.6,3.75,-0.8));
#4329=VECTOR('',#4985,1.0);
#4330=CARTESIAN_POINT('',(9.6,7.5,-3.1));
#4331=VECTOR('',#4986,1.0);
#4332=COLOUR_RGB('',0.811764717102051,0.811764717102051,0.811764717102051);
#4333=CARTESIAN_POINT('',(7.8,7.5,-4.9));
#4334=VECTOR('',#4987,1.0);
#4335=COLOUR_RGB('',0.811764717102051,0.811764717102051,0.811764717102051);
#4336=CARTESIAN_POINT('',(7.8,7.5,-5.2));
#4337=VECTOR('',#4988,1.0);
#4338=COLOUR_RGB('',0.811764717102051,0.811764717102051,0.811764717102051);
#4339=CARTESIAN_POINT('',(7.3,7.5,-5.7));
#4340=VECTOR('',#4989,1.0);
#4341=COLOUR_RGB('',0.811764717102051,0.811764717102051,0.811764717102051);
#4342=CARTESIAN_POINT('',(-7.3,7.5,-5.7));
#4343=VECTOR('',#4990,1.0);
#4344=COLOUR_RGB('',0.811764717102051,0.811764717102051,0.811764717102051);
#4345=CARTESIAN_POINT('',(-7.8,7.5,-5.2));
#4346=VECTOR('',#4991,1.0);
#4347=COLOUR_RGB('',0.811764717102051,0.811764717102051,0.811764717102051);
#4348=CARTESIAN_POINT('',(-7.8,7.5,-4.9));
#4349=VECTOR('',#4992,1.0);
#4350=COLOUR_RGB('',0.811764717102051,0.811764717102051,0.811764717102051);
#4351=COLOUR_RGB('',0.874509811401367,0.874509811401367,0.874509811401367);
#4352=AXIS2_PLACEMENT_3D('',#4993,#4994,#4995);
#4353=COLOUR_RGB('',0.874509811401367,0.874509811401367,0.874509811401367);
#4354=AXIS2_PLACEMENT_3D('',#4996,#4997,#4998);
#4355=COLOUR_RGB('',0.874509811401367,0.874509811401367,0.874509811401367);
#4356=AXIS2_PLACEMENT_3D('',#4999,#5000,#5001);
#4357=COLOUR_RGB('',0.874509811401367,0.874509811401367,0.874509811401367);
#4358=AXIS2_PLACEMENT_3D('',#5002,#5003,#5004);
#4359=COLOUR_RGB('',0.874509811401367,0.874509811401367,0.874509811401367);
#4360=AXIS2_PLACEMENT_3D('',#5005,#5006,#5007);
#4361=COLOUR_RGB('',0.874509811401367,0.874509811401367,0.874509811401367);
#4362=AXIS2_PLACEMENT_3D('',#5008,#5009,#5010);
#4363=COLOUR_RGB('',0.874509811401367,0.874509811401367,0.874509811401367);
#4364=AXIS2_PLACEMENT_3D('',#5011,#5012,#5013);
#4365=COLOUR_RGB('',0.874509811401367,0.874509811401367,0.874509811401367);
#4366=AXIS2_PLACEMENT_3D('',#5014,#5015,#5016);
#4367=COLOUR_RGB('',0.874509811401367,0.874509811401367,0.874509811401367);
#4368=AXIS2_PLACEMENT_3D('',#5017,#5018,#5019);
#4369=COLOUR_RGB('',0.874509811401367,0.874509811401367,0.874509811401367);
#4370=AXIS2_PLACEMENT_3D('',#5020,#5021,#5022);
#4371=COLOUR_RGB('',0.874509811401367,0.874509811401367,0.874509811401367);
#4372=AXIS2_PLACEMENT_3D('',#5023,#5024,#5025);
#4373=COLOUR_RGB('',0.874509811401367,0.874509811401367,0.874509811401367);
#4374=AXIS2_PLACEMENT_3D('',#5026,#5027,#5028);
#4375=COLOUR_RGB('',0.874509811401367,0.874509811401367,0.874509811401367);
#4376=AXIS2_PLACEMENT_3D('',#5029,#5030,#5031);
#4377=COLOUR_RGB('',0.874509811401367,0.874509811401367,0.874509811401367);
#4378=AXIS2_PLACEMENT_3D('',#5032,#5033,#5034);
#4379=COLOUR_RGB('',0.874509811401367,0.874509811401367,0.874509811401367);
#4380=AXIS2_PLACEMENT_3D('',#5035,#5036,#5037);
#4381=COLOUR_RGB('',0.874509811401367,0.874509811401367,0.874509811401367);
#4382=AXIS2_PLACEMENT_3D('',#5038,#5039,#5040);
#4383=COLOUR_RGB('',0.874509811401367,0.874509811401367,0.874509811401367);
#4384=AXIS2_PLACEMENT_3D('',#5041,#5042,#5043);
#4385=COLOUR_RGB('',0.874509811401367,0.874509811401367,0.874509811401367);
#4386=AXIS2_PLACEMENT_3D('',#5044,#5045,#5046);
#4387=COLOUR_RGB('',0.874509811401367,0.874509811401367,0.874509811401367);
#4388=AXIS2_PLACEMENT_3D('',#5047,#5048,#5049);
#4389=COLOUR_RGB('',0.874509811401367,0.874509811401367,0.874509811401367);
#4390=AXIS2_PLACEMENT_3D('',#5050,#5051,#5052);
#4391=COLOUR_RGB('',0.874509811401367,0.874509811401367,0.874509811401367);
#4392=AXIS2_PLACEMENT_3D('',#5053,#5054,#5055);
#4393=COLOUR_RGB('',0.874509811401367,0.874509811401367,0.874509811401367);
#4394=AXIS2_PLACEMENT_3D('',#5056,#5057,#5058);
#4395=COLOUR_RGB('',0.874509811401367,0.874509811401367,0.874509811401367);
#4396=AXIS2_PLACEMENT_3D('',#5059,#5060,#5061);
#4397=COLOUR_RGB('',0.874509811401367,0.874509811401367,0.874509811401367);
#4398=AXIS2_PLACEMENT_3D('',#5062,#5063,#5064);
#4399=COLOUR_RGB('',0.874509811401367,0.874509811401367,0.874509811401367);
#4400=AXIS2_PLACEMENT_3D('',#5065,#5066,#5067);
#4401=COLOUR_RGB('',0.874509811401367,0.874509811401367,0.874509811401367);
#4402=AXIS2_PLACEMENT_3D('',#5068,#5069,#5070);
#4403=COLOUR_RGB('',0.874509811401367,0.874509811401367,0.874509811401367);
#4404=AXIS2_PLACEMENT_3D('',#5071,#5072,#5073);
#4405=COLOUR_RGB('',0.874509811401367,0.874509811401367,0.874509811401367);
#4406=CARTESIAN_POINT('',(8.32667268468867E-17,3.95,2.22044604925031E-16));
#4407=VECTOR('',#5074,1.0);
#4408=CARTESIAN_POINT('',(6.165,3.95,5.8));
#4409=VECTOR('',#5075,1.0);
#4410=COLOUR_RGB('',0.874509811401367,0.874509811401367,0.874509811401367);
#4411=CARTESIAN_POINT('',(-8.13461550602441,1.60270364466614,2.22044604925031E-16));
#4412=AXIS2_PLACEMENT_3D('',#5076,#5077,#5078);
#4413=CARTESIAN_POINT('',(-8.13461550602441,1.60270364466614,5.8));
#4414=CARTESIAN_POINT('',(-8.13461550602441,1.60270364466614,-0.7));
#4415=VECTOR('',#5079,1.0);
#4416=AXIS2_PLACEMENT_3D('',#5080,#5081,#5082);
#4417=COLOUR_RGB('',0.874509811401367,0.874509811401367,0.874509811401367);
#4418=CARTESIAN_POINT('',(-7.4469402812614,-2.29729635533386,2.22044604925031E-16));
#4419=CARTESIAN_POINT('',(-7.70301313174868,-0.845035053867676,2.22044604925031E-16));
#4420=VECTOR('',#5083,1.0);
#4421=CARTESIAN_POINT('',(-7.4469402812614,-2.29729635533386,5.8));
#4422=CARTESIAN_POINT('',(-7.4469402812614,-2.29729635533386,-0.7));
#4423=VECTOR('',#5084,1.0);
#4424=CARTESIAN_POINT('',(-8.13461550602441,1.60270364466614,5.8));
#4425=VECTOR('',#5085,1.0);
#4426=COLOUR_RGB('',0.874509811401367,0.874509811401367,0.874509811401367);
#4427=CARTESIAN_POINT('',(-5.47732477523699,-3.95,2.22044604925031E-16));
#4428=AXIS2_PLACEMENT_3D('',#5086,#5087,#5088);
#4429=CARTESIAN_POINT('',(-5.47732477523699,-3.95,5.8));
#4430=CARTESIAN_POINT('',(-5.47732477523699,-3.95,-0.7));
#4431=VECTOR('',#5089,1.0);
#4432=AXIS2_PLACEMENT_3D('',#5090,#5091,#5092);
#4433=COLOUR_RGB('',0.874509811401367,0.874509811401367,0.874509811401367);
#4434=CARTESIAN_POINT('',(8.13461550602442,1.60270364466614,5.8));
#4435=AXIS2_PLACEMENT_3D('',#5093,#5094,#5095);
#4436=CARTESIAN_POINT('',(8.13461550602442,1.60270364466614,2.22044604925031E-16));
#4437=CARTESIAN_POINT('',(8.13461550602442,1.60270364466614,-0.7));
#4438=VECTOR('',#5096,1.0);
#4439=AXIS2_PLACEMENT_3D('',#5097,#5098,#5099);
#4440=COLOUR_RGB('',0.874509811401367,0.874509811401367,0.874509811401367);
#4441=CARTESIAN_POINT('',(7.4469402812614,-2.29729635533386,2.22044604925031E-16));
#4442=CARTESIAN_POINT('',(7.70301313174868,-0.845035053867678,2.22044604925031E-16));
#4443=VECTOR('',#5100,1.0);
#4444=CARTESIAN_POINT('',(7.4469402812614,-2.29729635533386,5.8));
#4445=CARTESIAN_POINT('',(7.4469402812614,-2.29729635533386,5.8));
#4446=VECTOR('',#5101,1.0);
#4447=CARTESIAN_POINT('',(7.4469402812614,-2.29729635533386,-0.7));
#4448=VECTOR('',#5102,1.0);
#4449=COLOUR_RGB('',0.874509811401367,0.874509811401367,0.874509811401367);
#4450=CARTESIAN_POINT('',(5.47732477523699,-3.95,2.22044604925031E-16));
#4451=AXIS2_PLACEMENT_3D('',#5103,#5104,#5105);
#4452=CARTESIAN_POINT('',(5.47732477523699,-3.95,5.8));
#4453=AXIS2_PLACEMENT_3D('',#5106,#5107,#5108);
#4454=CARTESIAN_POINT('',(5.47732477523699,-3.95,-0.7));
#4455=VECTOR('',#5109,1.0);
#4456=COLOUR_RGB('',0.874509811401367,0.874509811401367,0.874509811401367);
#4457=CARTESIAN_POINT('',(-3.60822483003176E-16,-3.95,2.22044604925031E-16));
#4458=VECTOR('',#5110,1.0);
#4459=CARTESIAN_POINT('',(-5.47732477523699,-3.95,5.8));
#4460=VECTOR('',#5111,1.0);
#4461=COLOUR_RGB('',0.874509811401367,0.874509811401367,0.874509811401367);
#4462=COLOUR_RGB('',0.811764717102051,0.811764717102051,0.811764717102051);
#4463=CARTESIAN_POINT('',(-14.105,-6.275,2.22044604925031E-16));
#4464=CARTESIAN_POINT('',(-15.405,-4.975,2.22044604925031E-16));
#4465=AXIS2_PLACEMENT_3D('',#5112,#5113,#5114);
#4466=CARTESIAN_POINT('',(-15.405,-4.975,-0.8));
#4467=CARTESIAN_POINT('',(-15.405,-4.975,-0.8));
#4468=VECTOR('',#5115,1.0);
#4469=CARTESIAN_POINT('',(-14.105,-6.275,-0.8));
#4470=AXIS2_PLACEMENT_3D('',#5116,#5117,#5118);
#4471=CARTESIAN_POINT('',(-14.105,-6.275,-0.8));
#4472=VECTOR('',#5119,1.0);
#4473=COLOUR_RGB('',0.811764717102051,0.811764717102051,0.811764717102051);
#4474=CARTESIAN_POINT('',(-15.405,4.975,2.22044604925031E-16));
#4475=CARTESIAN_POINT('',(-15.405,4.975,2.22044604925031E-16));
#4476=VECTOR('',#5120,1.0);
#4477=CARTESIAN_POINT('',(-15.405,4.975,-0.8));
#4478=CARTESIAN_POINT('',(-15.405,4.975,-0.8));
#4479=VECTOR('',#5121,1.0);
#4480=CARTESIAN_POINT('',(-15.405,4.975,-0.8));
#4481=VECTOR('',#5122,1.0);
#4482=COLOUR_RGB('',0.811764717102051,0.811764717102051,0.811764717102051);
#4483=CARTESIAN_POINT('',(-14.105,6.275,2.22044604925031E-16));
#4484=AXIS2_PLACEMENT_3D('',#5123,#5124,#5125);
#4485=CARTESIAN_POINT('',(-14.105,6.275,-0.8));
#4486=CARTESIAN_POINT('',(-14.105,6.275,-0.8));
#4487=VECTOR('',#5126,1.0);
#4488=AXIS2_PLACEMENT_3D('',#5127,#5128,#5129);
#4489=COLOUR_RGB('',0.811764717102051,0.811764717102051,0.811764717102051);
#4490=CARTESIAN_POINT('',(14.105,6.275,2.22044604925031E-16));
#4491=CARTESIAN_POINT('',(14.105,6.275,2.22044604925031E-16));
#4492=VECTOR('',#5130,1.0);
#4493=CARTESIAN_POINT('',(14.105,6.275,-0.8));
#4494=CARTESIAN_POINT('',(14.105,6.275,-0.8));
#4495=VECTOR('',#5131,1.0);
#4496=CARTESIAN_POINT('',(14.105,6.275,-0.8));
#4497=VECTOR('',#5132,1.0);
#4498=COLOUR_RGB('',0.811764717102051,0.811764717102051,0.811764717102051);
#4499=CARTESIAN_POINT('',(15.405,4.975,2.22044604925031E-16));
#4500=AXIS2_PLACEMENT_3D('',#5133,#5134,#5135);
#4501=CARTESIAN_POINT('',(15.405,4.975,-0.8));
#4502=CARTESIAN_POINT('',(15.405,4.975,-0.8));
#4503=VECTOR('',#5136,1.0);
#4504=AXIS2_PLACEMENT_3D('',#5137,#5138,#5139);
#4505=COLOUR_RGB('',0.811764717102051,0.811764717102051,0.811764717102051);
#4506=CARTESIAN_POINT('',(15.405,-4.975,2.22044604925031E-16));
#4507=CARTESIAN_POINT('',(15.405,-4.975,2.22044604925031E-16));
#4508=VECTOR('',#5140,1.0);
#4509=CARTESIAN_POINT('',(15.405,-4.975,-0.8));
#4510=CARTESIAN_POINT('',(15.405,-4.975,-0.8));
#4511=VECTOR('',#5141,1.0);
#4512=CARTESIAN_POINT('',(15.405,-4.975,-0.8));
#4513=VECTOR('',#5142,1.0);
#4514=COLOUR_RGB('',0.811764717102051,0.811764717102051,0.811764717102051);
#4515=CARTESIAN_POINT('',(14.105,-6.275,2.22044604925031E-16));
#4516=AXIS2_PLACEMENT_3D('',#5143,#5144,#5145);
#4517=CARTESIAN_POINT('',(14.105,-6.275,-0.8));
#4518=CARTESIAN_POINT('',(14.105,-6.275,-0.8));
#4519=VECTOR('',#5146,1.0);
#4520=AXIS2_PLACEMENT_3D('',#5147,#5148,#5149);
#4521=COLOUR_RGB('',0.811764717102051,0.811764717102051,0.811764717102051);
#4522=CARTESIAN_POINT('',(-14.105,-6.275,2.22044604925031E-16));
#4523=VECTOR('',#5150,1.0);
#4524=CARTESIAN_POINT('',(-14.105,-6.275,-0.8));
#4525=VECTOR('',#5151,1.0);
#4526=COLOUR_RGB('',0.811764717102051,0.811764717102051,0.811764717102051);
#4527=COLOUR_RGB('',0.811764717102051,0.811764717102051,0.811764717102051);
#4528=DIRECTION('',(0.0,0.0,1.0));
#4529=CARTESIAN_POINT('',(6.165,1.95,2.22044604925031E-16));
#4530=DIRECTION('',(0.0,0.0,-1.0));
#4531=DIRECTION('',(1.0,0.0,0.0));
#4532=DIRECTION('',(0.0,0.0,1.0));
#4533=CARTESIAN_POINT('',(6.165,1.95,5.8));
#4534=DIRECTION('',(0.0,0.0,-1.0));
#4535=DIRECTION('',(1.0,0.0,0.0));
#4536=DIRECTION('',(-0.0,-0.0,-1.0));
#4537=CARTESIAN_POINT('',(-6.165,1.95,5.8));
#4538=DIRECTION('',(0.0,0.0,-1.0));
#4539=DIRECTION('',(1.0,0.0,0.0));
#4540=DIRECTION('',(0.0,0.0,1.0));
#4541=CARTESIAN_POINT('',(-6.165,1.95,2.22044604925031E-16));
#4542=DIRECTION('',(0.0,0.0,-1.0));
#4543=DIRECTION('',(1.0,0.0,0.0));
#4544=DIRECTION('',(-0.707106781186547,-4.32963728535967E-17,-0.707106781186548));
#4545=CARTESIAN_POINT('',(-5.54,1.42,5.8));
#4546=DIRECTION('',(0.0,0.0,-1.0));
#4547=DIRECTION('',(1.0,0.0,0.0));
#4548=DIRECTION('',(-0.707106781186547,4.32963728535967E-17,0.707106781186548));
#4549=CARTESIAN_POINT('',(-5.54,1.42,5.56));
#4550=DIRECTION('',(-0.0,6.12303176911189E-17,1.0));
#4551=DIRECTION('',(1.0,0.0,0.0));
#4552=DIRECTION('',(-0.0,-6.12303176911189E-17,-1.0));
#4553=DIRECTION('',(-0.0,6.12303176911189E-17,1.0));
#4554=CARTESIAN_POINT('',(-5.54,1.42,2.22044604925031E-16));
#4555=DIRECTION('',(-0.0,6.12303176911189E-17,1.0));
#4556=DIRECTION('',(1.0,0.0,0.0));
#4557=DIRECTION('',(-0.707106781186547,-4.32963728535967E-17,-0.707106781186548));
#4558=CARTESIAN_POINT('',(-2.77,1.42,5.8));
#4559=DIRECTION('',(0.0,0.0,-1.0));
#4560=DIRECTION('',(1.0,0.0,0.0));
#4561=DIRECTION('',(-0.707106781186547,4.32963728535967E-17,0.707106781186548));
#4562=CARTESIAN_POINT('',(-2.77,1.42,5.56));
#4563=DIRECTION('',(-0.0,6.12303176911189E-17,1.0));
#4564=DIRECTION('',(1.0,0.0,0.0));
#4565=DIRECTION('',(-0.0,-6.12303176911189E-17,-1.0));
#4566=DIRECTION('',(-0.0,6.12303176911189E-17,1.0));
#4567=CARTESIAN_POINT('',(-2.77,1.42,2.22044604925031E-16));
#4568=DIRECTION('',(-0.0,6.12303176911189E-17,1.0));
#4569=DIRECTION('',(1.0,0.0,0.0));
#4570=DIRECTION('',(-0.707106781186547,-4.32963728535967E-17,-0.707106781186548));
#4571=CARTESIAN_POINT('',(0.0,1.42,5.8));
#4572=DIRECTION('',(0.0,0.0,-1.0));
#4573=DIRECTION('',(1.0,0.0,0.0));
#4574=DIRECTION('',(-0.707106781186547,4.32963728535967E-17,0.707106781186548));
#4575=CARTESIAN_POINT('',(0.0,1.42,5.56));
#4576=DIRECTION('',(-0.0,6.12303176911189E-17,1.0));
#4577=DIRECTION('',(1.0,0.0,0.0));
#4578=DIRECTION('',(-0.0,-6.12303176911189E-17,-1.0));
#4579=DIRECTION('',(-0.0,6.12303176911189E-17,1.0));
#4580=CARTESIAN_POINT('',(0.0,1.42,2.22044604925031E-16));
#4581=DIRECTION('',(-0.0,6.12303176911189E-17,1.0));
#4582=DIRECTION('',(1.0,0.0,0.0));
#4583=DIRECTION('',(-0.707106781186547,-4.32963728535967E-17,-0.707106781186548));
#4584=CARTESIAN_POINT('',(2.77,1.42,5.8));
#4585=DIRECTION('',(0.0,0.0,-1.0));
#4586=DIRECTION('',(1.0,0.0,0.0));
#4587=DIRECTION('',(-0.707106781186547,4.32963728535967E-17,0.707106781186548));
#4588=CARTESIAN_POINT('',(2.77,1.42,5.56));
#4589=DIRECTION('',(-0.0,6.12303176911189E-17,1.0));
#4590=DIRECTION('',(1.0,0.0,0.0));
#4591=DIRECTION('',(-0.0,-6.12303176911189E-17,-1.0));
#4592=DIRECTION('',(-0.0,6.12303176911189E-17,1.0));
#4593=CARTESIAN_POINT('',(2.77,1.42,2.22044604925031E-16));
#4594=DIRECTION('',(-0.0,6.12303176911189E-17,1.0));
#4595=DIRECTION('',(1.0,0.0,0.0));
#4596=DIRECTION('',(-0.707106781186547,-4.32963728535967E-17,-0.707106781186548));
#4597=CARTESIAN_POINT('',(5.54,1.42,5.8));
#4598=DIRECTION('',(0.0,0.0,-1.0));
#4599=DIRECTION('',(1.0,0.0,0.0));
#4600=DIRECTION('',(-0.707106781186547,4.32963728535967E-17,0.707106781186548));
#4601=CARTESIAN_POINT('',(5.54,1.42,5.56));
#4602=DIRECTION('',(-0.0,6.12303176911189E-17,1.0));
#4603=DIRECTION('',(1.0,0.0,0.0));
#4604=DIRECTION('',(-0.0,-6.12303176911189E-17,-1.0));
#4605=DIRECTION('',(-0.0,6.12303176911189E-17,1.0));
#4606=CARTESIAN_POINT('',(5.54,1.42,2.22044604925031E-16));
#4607=DIRECTION('',(-0.0,6.12303176911189E-17,1.0));
#4608=DIRECTION('',(1.0,0.0,0.0));
#4609=DIRECTION('',(-0.707106781186547,-4.32963728535967E-17,-0.707106781186548));
#4610=CARTESIAN_POINT('',(-4.155,-1.42,5.8));
#4611=DIRECTION('',(0.0,0.0,-1.0));
#4612=DIRECTION('',(1.0,0.0,0.0));
#4613=DIRECTION('',(-0.707106781186547,4.32963728535967E-17,0.707106781186548));
#4614=CARTESIAN_POINT('',(-4.155,-1.42,5.56));
#4615=DIRECTION('',(-0.0,6.12303176911189E-17,1.0));
#4616=DIRECTION('',(1.0,0.0,0.0));
#4617=DIRECTION('',(-0.0,-6.12303176911189E-17,-1.0));
#4618=DIRECTION('',(-0.0,6.12303176911189E-17,1.0));
#4619=CARTESIAN_POINT('',(-4.155,-1.42,2.22044604925031E-16));
#4620=DIRECTION('',(-0.0,6.12303176911189E-17,1.0));
#4621=DIRECTION('',(1.0,0.0,0.0));
#4622=DIRECTION('',(-0.707106781186547,-4.32963728535967E-17,-0.707106781186548));
#4623=CARTESIAN_POINT('',(-1.385,-1.42,5.8));
#4624=DIRECTION('',(0.0,0.0,-1.0));
#4625=DIRECTION('',(1.0,0.0,0.0));
#4626=DIRECTION('',(-0.707106781186547,4.32963728535967E-17,0.707106781186548));
#4627=CARTESIAN_POINT('',(-1.385,-1.42,5.56));
#4628=DIRECTION('',(-0.0,6.12303176911189E-17,1.0));
#4629=DIRECTION('',(1.0,0.0,0.0));
#4630=DIRECTION('',(-0.0,-6.12303176911189E-17,-1.0));
#4631=DIRECTION('',(-0.0,6.12303176911189E-17,1.0));
#4632=CARTESIAN_POINT('',(-1.385,-1.42,2.22044604925031E-16));
#4633=DIRECTION('',(-0.0,6.12303176911189E-17,1.0));
#4634=DIRECTION('',(1.0,0.0,0.0));
#4635=DIRECTION('',(-0.707106781186547,-4.32963728535967E-17,-0.707106781186548));
#4636=CARTESIAN_POINT('',(1.385,-1.42,5.8));
#4637=DIRECTION('',(0.0,0.0,-1.0));
#4638=DIRECTION('',(1.0,0.0,0.0));
#4639=DIRECTION('',(-0.707106781186547,4.32963728535967E-17,0.707106781186548));
#4640=CARTESIAN_POINT('',(1.385,-1.42,5.56));
#4641=DIRECTION('',(-0.0,6.12303176911189E-17,1.0));
#4642=DIRECTION('',(1.0,0.0,0.0));
#4643=DIRECTION('',(-0.0,-6.12303176911189E-17,-1.0));
#4644=DIRECTION('',(-0.0,6.12303176911189E-17,1.0));
#4645=CARTESIAN_POINT('',(1.385,-1.42,2.22044604925031E-16));
#4646=DIRECTION('',(-0.0,6.12303176911189E-17,1.0));
#4647=DIRECTION('',(1.0,0.0,0.0));
#4648=DIRECTION('',(-0.707106781186547,-4.32963728535967E-17,-0.707106781186548));
#4649=CARTESIAN_POINT('',(4.155,-1.42,5.8));
#4650=DIRECTION('',(0.0,0.0,-1.0));
#4651=DIRECTION('',(1.0,0.0,0.0));
#4652=DIRECTION('',(-0.707106781186547,4.32963728535967E-17,0.707106781186548));
#4653=CARTESIAN_POINT('',(4.155,-1.42,5.56));
#4654=DIRECTION('',(-0.0,6.12303176911189E-17,1.0));
#4655=DIRECTION('',(1.0,0.0,0.0));
#4656=DIRECTION('',(-0.0,-6.12303176911189E-17,-1.0));
#4657=DIRECTION('',(-0.0,6.12303176911189E-17,1.0));
#4658=CARTESIAN_POINT('',(4.155,-1.42,2.22044604925031E-16));
#4659=DIRECTION('',(-0.0,6.12303176911189E-17,1.0));
#4660=DIRECTION('',(1.0,0.0,0.0));
#4661=DIRECTION('',(0.0,6.12303176911189E-17,1.0));
#4662=CARTESIAN_POINT('',(-4.155,-1.42,-10.9));
#4663=DIRECTION('',(-0.0,6.12303176911189E-17,1.0));
#4664=DIRECTION('',(1.0,0.0,0.0));
#4665=DIRECTION('',(-0.0,-6.12303176911189E-17,-1.0));
#4666=CARTESIAN_POINT('',(-4.155,-1.42,-6.29999999999999));
#4667=DIRECTION('',(-0.0,6.12303176911189E-17,1.0));
#4668=DIRECTION('',(1.0,0.0,0.0));
#4669=DIRECTION('',(0.0,6.12303176911189E-17,1.0));
#4670=CARTESIAN_POINT('',(-4.155,-1.42,-6.29999999999999));
#4671=DIRECTION('',(-0.0,6.12303176911189E-17,1.0));
#4672=DIRECTION('',(1.0,0.0,0.0));
#4673=DIRECTION('',(-0.0,-6.12303176911189E-17,-1.0));
#4674=CARTESIAN_POINT('',(-4.155,-1.42,-5.7));
#4675=DIRECTION('',(-0.0,6.12303176911189E-17,1.0));
#4676=DIRECTION('',(1.0,0.0,0.0));
#4677=DIRECTION('',(0.0,6.12303176911189E-17,1.0));
#4678=CARTESIAN_POINT('',(-1.385,-1.42,-10.9));
#4679=DIRECTION('',(-0.0,6.12303176911189E-17,1.0));
#4680=DIRECTION('',(1.0,0.0,0.0));
#4681=DIRECTION('',(-0.0,-6.12303176911189E-17,-1.0));
#4682=CARTESIAN_POINT('',(-1.385,-1.42,-6.29999999999999));
#4683=DIRECTION('',(-0.0,6.12303176911189E-17,1.0));
#4684=DIRECTION('',(1.0,0.0,0.0));
#4685=DIRECTION('',(0.0,6.12303176911189E-17,1.0));
#4686=CARTESIAN_POINT('',(-1.385,-1.42,-6.29999999999999));
#4687=DIRECTION('',(-0.0,6.12303176911189E-17,1.0));
#4688=DIRECTION('',(1.0,0.0,0.0));
#4689=DIRECTION('',(-0.0,-6.12303176911189E-17,-1.0));
#4690=CARTESIAN_POINT('',(-1.385,-1.42,-5.7));
#4691=DIRECTION('',(-0.0,6.12303176911189E-17,1.0));
#4692=DIRECTION('',(1.0,0.0,0.0));
#4693=DIRECTION('',(0.0,6.12303176911189E-17,1.0));
#4694=CARTESIAN_POINT('',(1.385,-1.42,-10.9));
#4695=DIRECTION('',(-0.0,6.12303176911189E-17,1.0));
#4696=DIRECTION('',(1.0,0.0,0.0));
#4697=DIRECTION('',(-0.0,-6.12303176911189E-17,-1.0));
#4698=CARTESIAN_POINT('',(1.385,-1.42,-6.29999999999999));
#4699=DIRECTION('',(-0.0,6.12303176911189E-17,1.0));
#4700=DIRECTION('',(1.0,0.0,0.0));
#4701=DIRECTION('',(0.0,6.12303176911189E-17,1.0));
#4702=CARTESIAN_POINT('',(1.385,-1.42,-6.29999999999999));
#4703=DIRECTION('',(-0.0,6.12303176911189E-17,1.0));
#4704=DIRECTION('',(1.0,0.0,0.0));
#4705=DIRECTION('',(-0.0,-6.12303176911189E-17,-1.0));
#4706=CARTESIAN_POINT('',(1.385,-1.42,-5.7));
#4707=DIRECTION('',(-0.0,6.12303176911189E-17,1.0));
#4708=DIRECTION('',(1.0,0.0,0.0));
#4709=DIRECTION('',(0.0,6.12303176911189E-17,1.0));
#4710=CARTESIAN_POINT('',(4.155,-1.42,-10.9));
#4711=DIRECTION('',(-0.0,6.12303176911189E-17,1.0));
#4712=DIRECTION('',(1.0,0.0,0.0));
#4713=DIRECTION('',(-0.0,-6.12303176911189E-17,-1.0));
#4714=CARTESIAN_POINT('',(4.155,-1.42,-6.29999999999999));
#4715=DIRECTION('',(-0.0,6.12303176911189E-17,1.0));
#4716=DIRECTION('',(1.0,0.0,0.0));
#4717=DIRECTION('',(0.0,6.12303176911189E-17,1.0));
#4718=CARTESIAN_POINT('',(4.155,-1.42,-6.29999999999999));
#4719=DIRECTION('',(-0.0,6.12303176911189E-17,1.0));
#4720=DIRECTION('',(1.0,0.0,0.0));
#4721=DIRECTION('',(-0.0,-6.12303176911189E-17,-1.0));
#4722=CARTESIAN_POINT('',(4.155,-1.42,-5.7));
#4723=DIRECTION('',(-0.0,6.12303176911189E-17,1.0));
#4724=DIRECTION('',(1.0,0.0,0.0));
#4725=DIRECTION('',(0.0,6.12303176911189E-17,1.0));
#4726=CARTESIAN_POINT('',(-5.54,1.42,-10.9));
#4727=DIRECTION('',(-0.0,6.12303176911189E-17,1.0));
#4728=DIRECTION('',(1.0,0.0,0.0));
#4729=DIRECTION('',(-0.0,-6.12303176911189E-17,-1.0));
#4730=CARTESIAN_POINT('',(-5.54,1.42,-6.29999999999999));
#4731=DIRECTION('',(-0.0,6.12303176911189E-17,1.0));
#4732=DIRECTION('',(1.0,0.0,0.0));
#4733=DIRECTION('',(0.0,6.12303176911189E-17,1.0));
#4734=CARTESIAN_POINT('',(-5.54,1.42,-6.29999999999999));
#4735=DIRECTION('',(-0.0,6.12303176911189E-17,1.0));
#4736=DIRECTION('',(1.0,0.0,0.0));
#4737=DIRECTION('',(-0.0,-6.12303176911189E-17,-1.0));
#4738=CARTESIAN_POINT('',(-5.54,1.42,-5.7));
#4739=DIRECTION('',(-0.0,6.12303176911189E-17,1.0));
#4740=DIRECTION('',(1.0,0.0,0.0));
#4741=DIRECTION('',(0.0,6.12303176911189E-17,1.0));
#4742=CARTESIAN_POINT('',(-2.77,1.42,-10.9));
#4743=DIRECTION('',(-0.0,6.12303176911189E-17,1.0));
#4744=DIRECTION('',(1.0,0.0,0.0));
#4745=DIRECTION('',(-0.0,-6.12303176911189E-17,-1.0));
#4746=CARTESIAN_POINT('',(-2.77,1.42,-6.29999999999999));
#4747=DIRECTION('',(-0.0,6.12303176911189E-17,1.0));
#4748=DIRECTION('',(1.0,0.0,0.0));
#4749=DIRECTION('',(0.0,6.12303176911189E-17,1.0));
#4750=CARTESIAN_POINT('',(-2.77,1.42,-6.29999999999999));
#4751=DIRECTION('',(-0.0,6.12303176911189E-17,1.0));
#4752=DIRECTION('',(1.0,0.0,0.0));
#4753=DIRECTION('',(-0.0,-6.12303176911189E-17,-1.0));
#4754=CARTESIAN_POINT('',(-2.77,1.42,-5.7));
#4755=DIRECTION('',(-0.0,6.12303176911189E-17,1.0));
#4756=DIRECTION('',(1.0,0.0,0.0));
#4757=DIRECTION('',(0.0,6.12303176911189E-17,1.0));
#4758=CARTESIAN_POINT('',(0.0,1.42,-10.9));
#4759=DIRECTION('',(-0.0,6.12303176911189E-17,1.0));
#4760=DIRECTION('',(1.0,0.0,0.0));
#4761=DIRECTION('',(-0.0,-6.12303176911189E-17,-1.0));
#4762=CARTESIAN_POINT('',(0.0,1.42,-6.29999999999999));
#4763=DIRECTION('',(-0.0,6.12303176911189E-17,1.0));
#4764=DIRECTION('',(1.0,0.0,0.0));
#4765=DIRECTION('',(0.0,6.12303176911189E-17,1.0));
#4766=CARTESIAN_POINT('',(0.0,1.42,-6.29999999999999));
#4767=DIRECTION('',(-0.0,6.12303176911189E-17,1.0));
#4768=DIRECTION('',(1.0,0.0,0.0));
#4769=DIRECTION('',(-0.0,-6.12303176911189E-17,-1.0));
#4770=CARTESIAN_POINT('',(0.0,1.42,-5.7));
#4771=DIRECTION('',(-0.0,6.12303176911189E-17,1.0));
#4772=DIRECTION('',(1.0,0.0,0.0));
#4773=DIRECTION('',(0.0,6.12303176911189E-17,1.0));
#4774=CARTESIAN_POINT('',(2.77,1.42,-10.9));
#4775=DIRECTION('',(-0.0,6.12303176911189E-17,1.0));
#4776=DIRECTION('',(1.0,0.0,0.0));
#4777=DIRECTION('',(-0.0,-6.12303176911189E-17,-1.0));
#4778=CARTESIAN_POINT('',(2.77,1.42,-6.29999999999999));
#4779=DIRECTION('',(-0.0,6.12303176911189E-17,1.0));
#4780=DIRECTION('',(1.0,0.0,0.0));
#4781=DIRECTION('',(0.0,6.12303176911189E-17,1.0));
#4782=CARTESIAN_POINT('',(2.77,1.42,-6.29999999999999));
#4783=DIRECTION('',(-0.0,6.12303176911189E-17,1.0));
#4784=DIRECTION('',(1.0,0.0,0.0));
#4785=DIRECTION('',(-0.0,-6.12303176911189E-17,-1.0));
#4786=CARTESIAN_POINT('',(2.77,1.42,-5.7));
#4787=DIRECTION('',(-0.0,6.12303176911189E-17,1.0));
#4788=DIRECTION('',(1.0,0.0,0.0));
#4789=DIRECTION('',(0.0,6.12303176911189E-17,1.0));
#4790=CARTESIAN_POINT('',(5.54,1.42,-10.9));
#4791=DIRECTION('',(-0.0,6.12303176911189E-17,1.0));
#4792=DIRECTION('',(1.0,0.0,0.0));
#4793=DIRECTION('',(-0.0,-6.12303176911189E-17,-1.0));
#4794=CARTESIAN_POINT('',(5.54,1.42,-6.29999999999999));
#4795=DIRECTION('',(-0.0,6.12303176911189E-17,1.0));
#4796=DIRECTION('',(1.0,0.0,0.0));
#4797=DIRECTION('',(0.0,6.12303176911189E-17,1.0));
#4798=CARTESIAN_POINT('',(5.54,1.42,-6.29999999999999));
#4799=DIRECTION('',(-0.0,6.12303176911189E-17,1.0));
#4800=DIRECTION('',(1.0,0.0,0.0));
#4801=DIRECTION('',(-0.0,-6.12303176911189E-17,-1.0));
#4802=CARTESIAN_POINT('',(5.54,1.42,-5.7));
#4803=DIRECTION('',(-0.0,6.12303176911189E-17,1.0));
#4804=DIRECTION('',(1.0,0.0,0.0));
#4805=DIRECTION('',(-6.12303176911189E-17,-0.0,1.0));
#4806=CARTESIAN_POINT('',(-12.495,0.0,-0.800000000000001));
#4807=DIRECTION('',(0.0,-0.0,1.0));
#4808=DIRECTION('',(0.0,1.0,0.0));
#4809=DIRECTION('',(6.12303176911189E-17,-0.0,-1.0));
#4810=CARTESIAN_POINT('',(-12.495,0.0,-5.55111512312578E-16));
#4811=DIRECTION('',(0.0,0.0,-1.0));
#4812=DIRECTION('',(0.0,1.0,0.0));
#4813=DIRECTION('',(-6.12303176911189E-17,-0.0,1.0));
#4814=CARTESIAN_POINT('',(12.495,0.0,-0.799999999999999));
#4815=DIRECTION('',(0.0,-0.0,1.0));
#4816=DIRECTION('',(0.0,1.0,0.0));
#4817=DIRECTION('',(6.12303176911189E-17,-0.0,-1.0));
#4818=CARTESIAN_POINT('',(12.495,0.0,9.99200722162641E-16));
#4819=DIRECTION('',(0.0,0.0,-1.0));
#4820=DIRECTION('',(0.0,1.0,0.0));
#4821=CARTESIAN_POINT('',(12.495,0.0,9.99200722162641E-16));
#4822=DIRECTION('',(0.0,0.0,-1.0));
#4823=DIRECTION('',(0.0,1.0,0.0));
#4824=CARTESIAN_POINT('',(12.495,0.0,-0.799999999999999));
#4825=DIRECTION('',(0.0,-0.0,1.0));
#4826=DIRECTION('',(0.0,1.0,0.0));
#4827=CARTESIAN_POINT('',(-12.495,0.0,-5.55111512312578E-16));
#4828=DIRECTION('',(0.0,0.0,-1.0));
#4829=DIRECTION('',(0.0,1.0,0.0));
#4830=CARTESIAN_POINT('',(-12.495,0.0,-0.800000000000001));
#4831=DIRECTION('',(0.0,-0.0,1.0));
#4832=DIRECTION('',(0.0,1.0,0.0));
#4833=CARTESIAN_POINT('',(5.54,1.42,-5.7));
#4834=DIRECTION('',(-0.0,6.12303176911189E-17,1.0));
#4835=DIRECTION('',(1.0,0.0,0.0));
#4836=CARTESIAN_POINT('',(5.54,1.42,-6.29999999999999));
#4837=DIRECTION('',(-0.0,6.12303176911189E-17,1.0));
#4838=DIRECTION('',(1.0,0.0,0.0));
#4839=CARTESIAN_POINT('',(5.54,1.42,-6.29999999999999));
#4840=DIRECTION('',(-0.0,6.12303176911189E-17,1.0));
#4841=DIRECTION('',(1.0,0.0,0.0));
#4842=CARTESIAN_POINT('',(5.54,1.42,-10.9));
#4843=DIRECTION('',(-0.0,6.12303176911189E-17,1.0));
#4844=DIRECTION('',(1.0,0.0,0.0));
#4845=CARTESIAN_POINT('',(2.77,1.42,-5.7));
#4846=DIRECTION('',(-0.0,6.12303176911189E-17,1.0));
#4847=DIRECTION('',(1.0,0.0,0.0));
#4848=CARTESIAN_POINT('',(2.77,1.42,-6.29999999999999));
#4849=DIRECTION('',(-0.0,6.12303176911189E-17,1.0));
#4850=DIRECTION('',(1.0,0.0,0.0));
#4851=CARTESIAN_POINT('',(2.77,1.42,-6.29999999999999));
#4852=DIRECTION('',(-0.0,6.12303176911189E-17,1.0));
#4853=DIRECTION('',(1.0,0.0,0.0));
#4854=CARTESIAN_POINT('',(2.77,1.42,-10.9));
#4855=DIRECTION('',(-0.0,6.12303176911189E-17,1.0));
#4856=DIRECTION('',(1.0,0.0,0.0));
#4857=CARTESIAN_POINT('',(0.0,1.42,-5.7));
#4858=DIRECTION('',(-0.0,6.12303176911189E-17,1.0));
#4859=DIRECTION('',(1.0,0.0,0.0));
#4860=CARTESIAN_POINT('',(0.0,1.42,-6.29999999999999));
#4861=DIRECTION('',(-0.0,6.12303176911189E-17,1.0));
#4862=DIRECTION('',(1.0,0.0,0.0));
#4863=CARTESIAN_POINT('',(0.0,1.42,-6.29999999999999));
#4864=DIRECTION('',(-0.0,6.12303176911189E-17,1.0));
#4865=DIRECTION('',(1.0,0.0,0.0));
#4866=CARTESIAN_POINT('',(0.0,1.42,-10.9));
#4867=DIRECTION('',(-0.0,6.12303176911189E-17,1.0));
#4868=DIRECTION('',(1.0,0.0,0.0));
#4869=CARTESIAN_POINT('',(-2.77,1.42,-5.7));
#4870=DIRECTION('',(-0.0,6.12303176911189E-17,1.0));
#4871=DIRECTION('',(1.0,0.0,0.0));
#4872=CARTESIAN_POINT('',(-2.77,1.42,-6.29999999999999));
#4873=DIRECTION('',(-0.0,6.12303176911189E-17,1.0));
#4874=DIRECTION('',(1.0,0.0,0.0));
#4875=CARTESIAN_POINT('',(-2.77,1.42,-6.29999999999999));
#4876=DIRECTION('',(-0.0,6.12303176911189E-17,1.0));
#4877=DIRECTION('',(1.0,0.0,0.0));
#4878=CARTESIAN_POINT('',(-2.77,1.42,-10.9));
#4879=DIRECTION('',(-0.0,6.12303176911189E-17,1.0));
#4880=DIRECTION('',(1.0,0.0,0.0));
#4881=CARTESIAN_POINT('',(-5.54,1.42,-5.7));
#4882=DIRECTION('',(-0.0,6.12303176911189E-17,1.0));
#4883=DIRECTION('',(1.0,0.0,0.0));
#4884=CARTESIAN_POINT('',(-5.54,1.42,-6.29999999999999));
#4885=DIRECTION('',(-0.0,6.12303176911189E-17,1.0));
#4886=DIRECTION('',(1.0,0.0,0.0));
#4887=CARTESIAN_POINT('',(-5.54,1.42,-6.29999999999999));
#4888=DIRECTION('',(-0.0,6.12303176911189E-17,1.0));
#4889=DIRECTION('',(1.0,0.0,0.0));
#4890=CARTESIAN_POINT('',(-5.54,1.42,-10.9));
#4891=DIRECTION('',(-0.0,6.12303176911189E-17,1.0));
#4892=DIRECTION('',(1.0,0.0,0.0));
#4893=CARTESIAN_POINT('',(4.155,-1.42,-5.7));
#4894=DIRECTION('',(-0.0,6.12303176911189E-17,1.0));
#4895=DIRECTION('',(1.0,0.0,0.0));
#4896=CARTESIAN_POINT('',(4.155,-1.42,-6.29999999999999));
#4897=DIRECTION('',(-0.0,6.12303176911189E-17,1.0));
#4898=DIRECTION('',(1.0,0.0,0.0));
#4899=CARTESIAN_POINT('',(4.155,-1.42,-6.29999999999999));
#4900=DIRECTION('',(-0.0,6.12303176911189E-17,1.0));
#4901=DIRECTION('',(1.0,0.0,0.0));
#4902=CARTESIAN_POINT('',(4.155,-1.42,-10.9));
#4903=DIRECTION('',(-0.0,6.12303176911189E-17,1.0));
#4904=DIRECTION('',(1.0,0.0,0.0));
#4905=CARTESIAN_POINT('',(1.385,-1.42,-5.7));
#4906=DIRECTION('',(-0.0,6.12303176911189E-17,1.0));
#4907=DIRECTION('',(1.0,0.0,0.0));
#4908=CARTESIAN_POINT('',(1.385,-1.42,-6.29999999999999));
#4909=DIRECTION('',(-0.0,6.12303176911189E-17,1.0));
#4910=DIRECTION('',(1.0,0.0,0.0));
#4911=CARTESIAN_POINT('',(1.385,-1.42,-6.29999999999999));
#4912=DIRECTION('',(-0.0,6.12303176911189E-17,1.0));
#4913=DIRECTION('',(1.0,0.0,0.0));
#4914=CARTESIAN_POINT('',(1.385,-1.42,-10.9));
#4915=DIRECTION('',(-0.0,6.12303176911189E-17,1.0));
#4916=DIRECTION('',(1.0,0.0,0.0));
#4917=CARTESIAN_POINT('',(-1.385,-1.42,-5.7));
#4918=DIRECTION('',(-0.0,6.12303176911189E-17,1.0));
#4919=DIRECTION('',(1.0,0.0,0.0));
#4920=CARTESIAN_POINT('',(-1.385,-1.42,-6.29999999999999));
#4921=DIRECTION('',(-0.0,6.12303176911189E-17,1.0));
#4922=DIRECTION('',(1.0,0.0,0.0));
#4923=CARTESIAN_POINT('',(-1.385,-1.42,-6.29999999999999));
#4924=DIRECTION('',(-0.0,6.12303176911189E-17,1.0));
#4925=DIRECTION('',(1.0,0.0,0.0));
#4926=CARTESIAN_POINT('',(-1.385,-1.42,-10.9));
#4927=DIRECTION('',(-0.0,6.12303176911189E-17,1.0));
#4928=DIRECTION('',(1.0,0.0,0.0));
#4929=CARTESIAN_POINT('',(-4.155,-1.42,-5.7));
#4930=DIRECTION('',(-0.0,6.12303176911189E-17,1.0));
#4931=DIRECTION('',(1.0,0.0,0.0));
#4932=CARTESIAN_POINT('',(-4.155,-1.42,-6.29999999999999));
#4933=DIRECTION('',(-0.0,6.12303176911189E-17,1.0));
#4934=DIRECTION('',(1.0,0.0,0.0));
#4935=CARTESIAN_POINT('',(-4.155,-1.42,-6.29999999999999));
#4936=DIRECTION('',(-0.0,6.12303176911189E-17,1.0));
#4937=DIRECTION('',(1.0,0.0,0.0));
#4938=CARTESIAN_POINT('',(-4.155,-1.42,-10.9));
#4939=DIRECTION('',(-0.0,6.12303176911189E-17,1.0));
#4940=DIRECTION('',(1.0,0.0,0.0));
#4941=DIRECTION('',(0.0,-1.0,0.0));
#4942=DIRECTION('',(0.0,-9.11965712136907E-15,1.0));
#4943=CARTESIAN_POINT('',(-9.6,3.35914706478332,-2.9037742997942));
#4944=DIRECTION('',(1.0,0.0,0.0));
#4945=DIRECTION('',(0.0,0.0,-1.0));
#4946=DIRECTION('',(0.0,-1.0,6.12303176911189E-17));
#4947=CARTESIAN_POINT('',(-9.6,-3.36000000000001,-2.90563293248206));
#4948=DIRECTION('',(1.0,0.0,0.0));
#4949=DIRECTION('',(0.0,0.0,-1.0));
#4950=DIRECTION('',(0.0,2.06619469351175E-14,-1.0));
#4951=DIRECTION('',(-1.0,-5.58399502775502E-31,0.0));
#4952=DIRECTION('',(0.0,9.11965712136907E-15,-1.0));
#4953=DIRECTION('',(1.0,0.0,6.12303176911189E-17));
#4954=DIRECTION('',(1.0,1.26513757495428E-30,0.0));
#4955=DIRECTION('',(1.0,0.0,6.12303176911189E-17));
#4956=DIRECTION('',(0.0,-2.06619469351175E-14,1.0));
#4957=CARTESIAN_POINT('',(7.3,3.01000000000005,-5.19999999999997));
#4958=DIRECTION('',(-0.707106781186548,0.707106781186547,-4.35788199605263E-33));
#4959=DIRECTION('',(0.707106781186547,0.707106781186548,4.32963728535967E-17));
#4960=DIRECTION('',(1.0,0.0,6.12303176911189E-17));
#4961=CARTESIAN_POINT('',(-7.3,3.01000000000005,-5.19999999999997));
#4962=DIRECTION('',(0.707106781186548,0.707106781186548,0.0));
#4963=DIRECTION('',(-0.707106781186547,0.707106781186547,-4.32963728535968E-17));
#4964=DIRECTION('',(1.0,0.0,6.12303176911189E-17));
#4965=DIRECTION('',(0.0,8.28966525053451E-14,-1.0));
#4966=DIRECTION('',(0.0,-8.28966525053451E-14,1.0));
#4967=DIRECTION('',(1.0,0.0,6.12303176911189E-17));
#4968=CARTESIAN_POINT('',(7.3,-3.01000000000005,-5.19999999999997));
#4969=DIRECTION('',(-0.707106781186507,-0.707106781186588,3.26841149704002E-33));
#4970=DIRECTION('',(-0.707106781186588,0.707106781186507,-4.32963728535992E-17));
#4971=DIRECTION('',(1.0,0.0,6.12303176911189E-17));
#4972=CARTESIAN_POINT('',(-7.3,-3.01000000000005,-5.19999999999997));
#4973=DIRECTION('',(0.707106781186508,-0.707106781186587,1.08947049901334E-33));
#4974=DIRECTION('',(0.707106781186587,0.707106781186508,4.32963728535992E-17));
#4975=DIRECTION('',(1.0,1.09448995815911E-29,-6.70159678478215E-46));
#4976=DIRECTION('',(0.0,0.0,1.0));
#4977=DIRECTION('',(1.0,0.0,6.12303176911189E-17));
#4978=DIRECTION('',(-0.0,-0.0,-1.0));
#4979=CARTESIAN_POINT('',(9.6,-3.36000000000001,-2.90563293248206));
#4980=DIRECTION('',(-1.0,-0.0,-0.0));
#4981=DIRECTION('',(0.0,0.0,-1.0));
#4982=CARTESIAN_POINT('',(9.6,3.35914706478332,-2.9037742997942));
#4983=DIRECTION('',(-1.0,-0.0,-0.0));
#4984=DIRECTION('',(0.0,0.0,-1.0));
#4985=DIRECTION('',(0.0,1.0,0.0));
#4986=DIRECTION('',(0.0,-1.0,6.12303176911189E-17));
#4987=DIRECTION('',(0.0,-1.0,6.12303176911189E-17));
#4988=DIRECTION('',(0.0,-1.0,6.12303176911189E-17));
#4989=DIRECTION('',(0.0,-1.0,6.12303176911189E-17));
#4990=DIRECTION('',(0.0,-1.0,6.12303176911189E-17));
#4991=DIRECTION('',(0.0,-1.0,6.12303176911189E-17));
#4992=DIRECTION('',(0.0,-1.0,6.12303176911189E-17));
#4993=CARTESIAN_POINT('',(4.155,-1.42,2.22044604925031E-16));
#4994=DIRECTION('',(-0.0,6.12303176911189E-17,1.0));
#4995=DIRECTION('',(1.0,0.0,0.0));
#4996=CARTESIAN_POINT('',(4.155,-1.42,5.56));
#4997=DIRECTION('',(-0.0,6.12303176911189E-17,1.0));
#4998=DIRECTION('',(1.0,0.0,0.0));
#4999=CARTESIAN_POINT('',(4.155,-1.42,5.8));
#5000=DIRECTION('',(0.0,0.0,-1.0));
#5001=DIRECTION('',(1.0,0.0,0.0));
#5002=CARTESIAN_POINT('',(1.385,-1.42,2.22044604925031E-16));
#5003=DIRECTION('',(-0.0,6.12303176911189E-17,1.0));
#5004=DIRECTION('',(1.0,0.0,0.0));
#5005=CARTESIAN_POINT('',(1.385,-1.42,5.56));
#5006=DIRECTION('',(-0.0,6.12303176911189E-17,1.0));
#5007=DIRECTION('',(1.0,0.0,0.0));
#5008=CARTESIAN_POINT('',(1.385,-1.42,5.8));
#5009=DIRECTION('',(0.0,0.0,-1.0));
#5010=DIRECTION('',(1.0,0.0,0.0));
#5011=CARTESIAN_POINT('',(-1.385,-1.42,2.22044604925031E-16));
#5012=DIRECTION('',(-0.0,6.12303176911189E-17,1.0));
#5013=DIRECTION('',(1.0,0.0,0.0));
#5014=CARTESIAN_POINT('',(-1.385,-1.42,5.56));
#5015=DIRECTION('',(-0.0,6.12303176911189E-17,1.0));
#5016=DIRECTION('',(1.0,0.0,0.0));
#5017=CARTESIAN_POINT('',(-1.385,-1.42,5.8));
#5018=DIRECTION('',(0.0,0.0,-1.0));
#5019=DIRECTION('',(1.0,0.0,0.0));
#5020=CARTESIAN_POINT('',(-4.155,-1.42,2.22044604925031E-16));
#5021=DIRECTION('',(-0.0,6.12303176911189E-17,1.0));
#5022=DIRECTION('',(1.0,0.0,0.0));
#5023=CARTESIAN_POINT('',(-4.155,-1.42,5.56));
#5024=DIRECTION('',(-0.0,6.12303176911189E-17,1.0));
#5025=DIRECTION('',(1.0,0.0,0.0));
#5026=CARTESIAN_POINT('',(-4.155,-1.42,5.8));
#5027=DIRECTION('',(0.0,0.0,-1.0));
#5028=DIRECTION('',(1.0,0.0,0.0));
#5029=CARTESIAN_POINT('',(5.54,1.42,2.22044604925031E-16));
#5030=DIRECTION('',(-0.0,6.12303176911189E-17,1.0));
#5031=DIRECTION('',(1.0,0.0,0.0));
#5032=CARTESIAN_POINT('',(5.54,1.42,5.56));
#5033=DIRECTION('',(-0.0,6.12303176911189E-17,1.0));
#5034=DIRECTION('',(1.0,0.0,0.0));
#5035=CARTESIAN_POINT('',(5.54,1.42,5.8));
#5036=DIRECTION('',(0.0,0.0,-1.0));
#5037=DIRECTION('',(1.0,0.0,0.0));
#5038=CARTESIAN_POINT('',(2.77,1.42,2.22044604925031E-16));
#5039=DIRECTION('',(-0.0,6.12303176911189E-17,1.0));
#5040=DIRECTION('',(1.0,0.0,0.0));
#5041=CARTESIAN_POINT('',(2.77,1.42,5.56));
#5042=DIRECTION('',(-0.0,6.12303176911189E-17,1.0));
#5043=DIRECTION('',(1.0,0.0,0.0));
#5044=CARTESIAN_POINT('',(2.77,1.42,5.8));
#5045=DIRECTION('',(0.0,0.0,-1.0));
#5046=DIRECTION('',(1.0,0.0,0.0));
#5047=CARTESIAN_POINT('',(0.0,1.42,2.22044604925031E-16));
#5048=DIRECTION('',(-0.0,6.12303176911189E-17,1.0));
#5049=DIRECTION('',(1.0,0.0,0.0));
#5050=CARTESIAN_POINT('',(0.0,1.42,5.56));
#5051=DIRECTION('',(-0.0,6.12303176911189E-17,1.0));
#5052=DIRECTION('',(1.0,0.0,0.0));
#5053=CARTESIAN_POINT('',(0.0,1.42,5.8));
#5054=DIRECTION('',(0.0,0.0,-1.0));
#5055=DIRECTION('',(1.0,0.0,0.0));
#5056=CARTESIAN_POINT('',(-2.77,1.42,2.22044604925031E-16));
#5057=DIRECTION('',(-0.0,6.12303176911189E-17,1.0));
#5058=DIRECTION('',(1.0,0.0,0.0));
#5059=CARTESIAN_POINT('',(-2.77,1.42,5.56));
#5060=DIRECTION('',(-0.0,6.12303176911189E-17,1.0));
#5061=DIRECTION('',(1.0,0.0,0.0));
#5062=CARTESIAN_POINT('',(-2.77,1.42,5.8));
#5063=DIRECTION('',(0.0,0.0,-1.0));
#5064=DIRECTION('',(1.0,0.0,0.0));
#5065=CARTESIAN_POINT('',(-5.54,1.42,2.22044604925031E-16));
#5066=DIRECTION('',(-0.0,6.12303176911189E-17,1.0));
#5067=DIRECTION('',(1.0,0.0,0.0));
#5068=CARTESIAN_POINT('',(-5.54,1.42,5.56));
#5069=DIRECTION('',(-0.0,6.12303176911189E-17,1.0));
#5070=DIRECTION('',(1.0,0.0,0.0));
#5071=CARTESIAN_POINT('',(-5.54,1.42,5.8));
#5072=DIRECTION('',(0.0,0.0,-1.0));
#5073=DIRECTION('',(1.0,0.0,0.0));
#5074=DIRECTION('',(1.0,0.0,0.0));
#5075=DIRECTION('',(1.0,0.0,0.0));
#5076=CARTESIAN_POINT('',(-6.165,1.95,2.22044604925031E-16));
#5077=DIRECTION('',(0.0,0.0,-1.0));
#5078=DIRECTION('',(1.0,0.0,0.0));
#5079=DIRECTION('',(0.0,0.0,1.0));
#5080=CARTESIAN_POINT('',(-6.165,1.95,5.8));
#5081=DIRECTION('',(0.0,0.0,-1.0));
#5082=DIRECTION('',(1.0,0.0,0.0));
#5083=DIRECTION('',(-0.17364817766693,0.984807753012208,0.0));
#5084=DIRECTION('',(0.0,0.0,1.0));
#5085=DIRECTION('',(-0.17364817766693,0.984807753012208,0.0));
#5086=CARTESIAN_POINT('',(-5.47732477523699,-1.95,2.22044604925031E-16));
#5087=DIRECTION('',(0.0,0.0,-1.0));
#5088=DIRECTION('',(1.0,0.0,0.0));
#5089=DIRECTION('',(0.0,0.0,1.0));
#5090=CARTESIAN_POINT('',(-5.47732477523699,-1.95,5.8));
#5091=DIRECTION('',(0.0,0.0,-1.0));
#5092=DIRECTION('',(1.0,0.0,0.0));
#5093=CARTESIAN_POINT('',(6.165,1.95,5.8));
#5094=DIRECTION('',(0.0,0.0,-1.0));
#5095=DIRECTION('',(1.0,0.0,0.0));
#5096=DIRECTION('',(0.0,0.0,1.0));
#5097=CARTESIAN_POINT('',(6.165,1.95,2.22044604925031E-16));
#5098=DIRECTION('',(0.0,0.0,-1.0));
#5099=DIRECTION('',(1.0,0.0,0.0));
#5100=DIRECTION('',(-0.17364817766693,-0.984807753012208,0.0));
#5101=DIRECTION('',(-0.17364817766693,-0.984807753012208,-0.0));
#5102=DIRECTION('',(0.0,0.0,1.0));
#5103=CARTESIAN_POINT('',(5.47732477523699,-1.95,2.22044604925031E-16));
#5104=DIRECTION('',(0.0,0.0,-1.0));
#5105=DIRECTION('',(1.0,0.0,0.0));
#5106=CARTESIAN_POINT('',(5.47732477523699,-1.95,5.8));
#5107=DIRECTION('',(0.0,0.0,-1.0));
#5108=DIRECTION('',(1.0,0.0,0.0));
#5109=DIRECTION('',(0.0,0.0,1.0));
#5110=DIRECTION('',(-1.0,0.0,0.0));
#5111=DIRECTION('',(-1.0,-0.0,-0.0));
#5112=CARTESIAN_POINT('',(-14.105,-4.975,2.22044604925031E-16));
#5113=DIRECTION('',(0.0,0.0,-1.0));
#5114=DIRECTION('',(1.0,0.0,0.0));
#5115=DIRECTION('',(0.0,0.0,1.0));
#5116=CARTESIAN_POINT('',(-14.105,-4.975,-0.8));
#5117=DIRECTION('',(0.0,0.0,1.0));
#5118=DIRECTION('',(1.0,0.0,0.0));
#5119=DIRECTION('',(0.0,0.0,1.0));
#5120=DIRECTION('',(0.0,1.0,0.0));
#5121=DIRECTION('',(0.0,0.0,1.0));
#5122=DIRECTION('',(0.0,-1.0,0.0));
#5123=CARTESIAN_POINT('',(-14.105,4.975,2.22044604925031E-16));
#5124=DIRECTION('',(0.0,0.0,-1.0));
#5125=DIRECTION('',(1.0,0.0,0.0));
#5126=DIRECTION('',(0.0,0.0,1.0));
#5127=CARTESIAN_POINT('',(-14.105,4.975,-0.8));
#5128=DIRECTION('',(0.0,0.0,1.0));
#5129=DIRECTION('',(1.0,0.0,0.0));
#5130=DIRECTION('',(1.0,-1.25938095668221E-16,0.0));
#5131=DIRECTION('',(0.0,0.0,1.0));
#5132=DIRECTION('',(-1.0,1.25938095668221E-16,0.0));
#5133=CARTESIAN_POINT('',(14.105,4.975,2.22044604925031E-16));
#5134=DIRECTION('',(0.0,0.0,-1.0));
#5135=DIRECTION('',(1.0,0.0,0.0));
#5136=DIRECTION('',(0.0,0.0,1.0));
#5137=CARTESIAN_POINT('',(14.105,4.975,-0.8));
#5138=DIRECTION('',(0.0,0.0,1.0));
#5139=DIRECTION('',(1.0,0.0,0.0));
#5140=DIRECTION('',(-0.0,-1.0,-0.0));
#5141=DIRECTION('',(0.0,0.0,1.0));
#5142=DIRECTION('',(0.0,1.0,0.0));
#5143=CARTESIAN_POINT('',(14.105,-4.975,2.22044604925031E-16));
#5144=DIRECTION('',(0.0,0.0,-1.0));
#5145=DIRECTION('',(1.0,0.0,0.0));
#5146=DIRECTION('',(0.0,0.0,1.0));
#5147=CARTESIAN_POINT('',(14.105,-4.975,-0.8));
#5148=DIRECTION('',(0.0,0.0,1.0));
#5149=DIRECTION('',(1.0,0.0,0.0));
#5150=DIRECTION('',(-1.0,-0.0,-0.0));
#5151=DIRECTION('',(1.0,0.0,0.0));
ENDSEC;
END-ISO-10303-21;
